Date,Year,Quarter,Company Name,Sector,Ticker,Close
2023-07-31 00:00:00-04:00,2023,Q3,Apple Inc.,Technology,AAPL,180.62059020996094
2023-08-07 00:00:00-04:00,2023,Q3,Apple Inc.,Technology,AAPL,176.45217895507812
2023-08-14 00:00:00-04:00,2023,Q3,Apple Inc.,Technology,AAPL,173.41087341308594
2023-08-21 00:00:00-04:00,2023,Q3,Apple Inc.,Technology,AAPL,177.50540161132812
2023-08-28 00:00:00-04:00,2023,Q3,Apple Inc.,Technology,AAPL,188.28831481933594
2023-09-04 00:00:00-04:00,2023,Q3,Apple Inc.,Technology,AAPL,177.0780487060547
2023-09-11 00:00:00-04:00,2023,Q3,Apple Inc.,Technology,AAPL,173.92764282226562
2023-09-18 00:00:00-04:00,2023,Q3,Apple Inc.,Technology,AAPL,173.70899963378906
2023-09-25 00:00:00-04:00,2023,Q3,Apple Inc.,Technology,AAPL,170.1511688232422
2023-10-02 00:00:00-04:00,2023,Q4,Apple Inc.,Technology,AAPL,176.392333984375
2023-10-09 00:00:00-04:00,2023,Q4,Apple Inc.,Technology,AAPL,177.74391174316406
2023-10-16 00:00:00-04:00,2023,Q4,Apple Inc.,Technology,AAPL,171.8108367919922
2023-10-23 00:00:00-04:00,2023,Q4,Apple Inc.,Technology,AAPL,167.17965698242188
2023-10-30 00:00:00-04:00,2023,Q4,Apple Inc.,Technology,AAPL,175.55751037597656
2023-11-06 00:00:00-05:00,2023,Q4,Apple Inc.,Technology,AAPL,185.24720764160156
2023-11-13 00:00:00-05:00,2023,Q4,Apple Inc.,Technology,AAPL,188.76522827148438
2023-11-20 00:00:00-05:00,2023,Q4,Apple Inc.,Technology,AAPL,189.04385375976562
2023-11-27 00:00:00-05:00,2023,Q4,Apple Inc.,Technology,AAPL,190.30767822265625
2023-12-04 00:00:00-05:00,2023,Q4,Apple Inc.,Technology,AAPL,194.75588989257812
2023-12-11 00:00:00-05:00,2023,Q4,Apple Inc.,Technology,AAPL,196.60684204101562
2023-12-18 00:00:00-05:00,2023,Q4,Apple Inc.,Technology,AAPL,192.6561737060547
2023-12-25 00:00:00-05:00,2023,Q4,Apple Inc.,Technology,AAPL,191.5913848876953
2024-01-01 00:00:00-05:00,2024,Q1,Apple Inc.,Technology,AAPL,180.2967071533203
2024-01-08 00:00:00-05:00,2024,Q1,Apple Inc.,Technology,AAPL,185.01361083984375
2024-01-15 00:00:00-05:00,2024,Q1,Apple Inc.,Technology,AAPL,190.62611389160156
2024-01-22 00:00:00-05:00,2024,Q1,Apple Inc.,Technology,AAPL,191.48191833496094
2024-01-29 00:00:00-05:00,2024,Q1,Apple Inc.,Technology,AAPL,184.9439697265625
2024-02-05 00:00:00-05:00,2024,Q1,Apple Inc.,Technology,AAPL,187.92933654785156
2024-02-12 00:00:00-05:00,2024,Q1,Apple Inc.,Technology,AAPL,181.65269470214844
2024-02-19 00:00:00-05:00,2024,Q1,Apple Inc.,Technology,AAPL,181.86195373535156
2024-02-26 00:00:00-05:00,2024,Q1,Apple Inc.,Technology,AAPL,179.0122833251953
2024-03-04 00:00:00-05:00,2024,Q1,Apple Inc.,Technology,AAPL,170.1144561767578
2024-03-11 00:00:00-04:00,2024,Q1,Apple Inc.,Technology,AAPL,171.99765014648438
2024-03-18 00:00:00-04:00,2024,Q1,Apple Inc.,Technology,AAPL,171.65887451171875
2024-03-25 00:00:00-04:00,2024,Q1,Apple Inc.,Technology,AAPL,170.86175537109375
2024-04-01 00:00:00-04:00,2024,Q2,Apple Inc.,Technology,AAPL,168.96861267089844
2024-04-08 00:00:00-04:00,2024,Q2,Apple Inc.,Technology,AAPL,175.91348266601562
2024-04-15 00:00:00-04:00,2024,Q2,Apple Inc.,Technology,AAPL,164.40512084960938
2024-04-22 00:00:00-04:00,2024,Q2,Apple Inc.,Technology,AAPL,168.6896209716797
2024-04-29 00:00:00-04:00,2024,Q2,Apple Inc.,Technology,AAPL,182.71884155273438
2024-05-06 00:00:00-04:00,2024,Q2,Apple Inc.,Technology,AAPL,182.39004516601562
2024-05-13 00:00:00-04:00,2024,Q2,Apple Inc.,Technology,AAPL,189.44204711914062
2024-05-20 00:00:00-04:00,2024,Q2,Apple Inc.,Technology,AAPL,189.5518035888672
2024-05-27 00:00:00-04:00,2024,Q2,Apple Inc.,Technology,AAPL,191.81668090820312
2024-06-03 00:00:00-04:00,2024,Q2,Apple Inc.,Technology,AAPL,196.44622802734375
2024-06-10 00:00:00-04:00,2024,Q2,Apple Inc.,Technology,AAPL,212.01107788085938
2024-06-17 00:00:00-04:00,2024,Q2,Apple Inc.,Technology,AAPL,207.02235412597656
2024-06-24 00:00:00-04:00,2024,Q2,Apple Inc.,Technology,AAPL,210.14527893066406
2024-07-01 00:00:00-04:00,2024,Q3,Apple Inc.,Technology,AAPL,225.82984924316406
2024-07-08 00:00:00-04:00,2024,Q3,Apple Inc.,Technology,AAPL,230.0203857421875
2024-07-15 00:00:00-04:00,2024,Q3,Apple Inc.,Technology,AAPL,223.80442810058594
2024-07-22 00:00:00-04:00,2024,Q3,Apple Inc.,Technology,AAPL,217.46875
2024-07-29 00:00:00-04:00,2024,Q3,Apple Inc.,Technology,AAPL,219.36447143554688
2024-08-05 00:00:00-04:00,2024,Q3,Apple Inc.,Technology,AAPL,215.7526397705078
2024-08-12 00:00:00-04:00,2024,Q3,Apple Inc.,Technology,AAPL,225.54051208496094
2024-08-19 00:00:00-04:00,2024,Q3,Apple Inc.,Technology,AAPL,226.5906982421875
2024-08-26 00:00:00-04:00,2024,Q3,Apple Inc.,Technology,AAPL,228.7483367919922
2024-09-02 00:00:00-04:00,2024,Q3,Apple Inc.,Technology,AAPL,220.57733154296875
2024-09-09 00:00:00-04:00,2024,Q3,Apple Inc.,Technology,AAPL,222.25547790527344
2024-09-16 00:00:00-04:00,2024,Q3,Apple Inc.,Technology,AAPL,227.94920349121094
2024-09-23 00:00:00-04:00,2024,Q3,Apple Inc.,Technology,AAPL,227.53965759277344
2023-07-31 00:00:00-04:00,2023,Q3,Microsoft Corporation,Technology,MSFT,324.650634765625
2023-08-07 00:00:00-04:00,2023,Q3,Microsoft Corporation,Technology,MSFT,317.9452819824219
2023-08-14 00:00:00-04:00,2023,Q3,Microsoft Corporation,Technology,MSFT,313.4585266113281
2023-08-21 00:00:00-04:00,2023,Q3,Microsoft Corporation,Technology,MSFT,320.5737609863281
2023-08-28 00:00:00-04:00,2023,Q3,Microsoft Corporation,Technology,MSFT,326.21142578125
2023-09-04 00:00:00-04:00,2023,Q3,Microsoft Corporation,Technology,MSFT,331.7796325683594
2023-09-11 00:00:00-04:00,2023,Q3,Microsoft Corporation,Technology,MSFT,327.75982666015625
2023-09-18 00:00:00-04:00,2023,Q3,Microsoft Corporation,Technology,MSFT,314.6482238769531
2023-09-25 00:00:00-04:00,2023,Q3,Microsoft Corporation,Technology,MSFT,313.3976135253906
2023-10-02 00:00:00-04:00,2023,Q4,Microsoft Corporation,Technology,MSFT,324.8218994140625
2023-10-09 00:00:00-04:00,2023,Q4,Microsoft Corporation,Technology,MSFT,325.28839111328125
2023-10-16 00:00:00-04:00,2023,Q4,Microsoft Corporation,Technology,MSFT,324.23626708984375
2023-10-23 00:00:00-04:00,2023,Q4,Microsoft Corporation,Technology,MSFT,327.3528747558594
2023-10-30 00:00:00-04:00,2023,Q4,Microsoft Corporation,Technology,MSFT,350.17156982421875
2023-11-06 00:00:00-05:00,2023,Q4,Microsoft Corporation,Technology,MSFT,366.9158935546875
2023-11-13 00:00:00-05:00,2023,Q4,Microsoft Corporation,Technology,MSFT,367.0945739746094
2023-11-20 00:00:00-05:00,2023,Q4,Microsoft Corporation,Technology,MSFT,375.37841796875
2023-11-27 00:00:00-05:00,2023,Q4,Microsoft Corporation,Technology,MSFT,372.4743347167969
2023-12-04 00:00:00-05:00,2023,Q4,Microsoft Corporation,Technology,MSFT,372.19586181640625
2023-12-11 00:00:00-05:00,2023,Q4,Microsoft Corporation,Technology,MSFT,368.7148742675781
2023-12-18 00:00:00-05:00,2023,Q4,Microsoft Corporation,Technology,MSFT,372.5439453125
2023-12-25 00:00:00-05:00,2023,Q4,Microsoft Corporation,Technology,MSFT,373.9959716796875
2024-01-01 00:00:00-05:00,2024,Q1,Microsoft Corporation,Technology,MSFT,365.75103759765625
2024-01-08 00:00:00-05:00,2024,Q1,Microsoft Corporation,Technology,MSFT,386.3584289550781
2024-01-15 00:00:00-05:00,2024,Q1,Microsoft Corporation,Technology,MSFT,396.50299072265625
2024-01-22 00:00:00-05:00,2024,Q1,Microsoft Corporation,Technology,MSFT,401.7344055175781
2024-01-29 00:00:00-05:00,2024,Q1,Microsoft Corporation,Technology,MSFT,408.9847717285156
2024-02-05 00:00:00-05:00,2024,Q1,Microsoft Corporation,Technology,MSFT,418.2640380859375
2024-02-12 00:00:00-05:00,2024,Q1,Microsoft Corporation,Technology,MSFT,401.8636779785156
2024-02-19 00:00:00-05:00,2024,Q1,Microsoft Corporation,Technology,MSFT,408.8642578125
2024-02-26 00:00:00-05:00,2024,Q1,Microsoft Corporation,Technology,MSFT,414.00567626953125
2024-03-04 00:00:00-05:00,2024,Q1,Microsoft Corporation,Technology,MSFT,404.7590637207031
2024-03-11 00:00:00-04:00,2024,Q1,Microsoft Corporation,Technology,MSFT,414.9223937988281
2024-03-18 00:00:00-04:00,2024,Q1,Microsoft Corporation,Technology,MSFT,427.19805908203125
2024-03-25 00:00:00-04:00,2024,Q1,Microsoft Corporation,Technology,MSFT,419.2069091796875
2024-04-01 00:00:00-04:00,2024,Q2,Microsoft Corporation,Technology,MSFT,423.9896545410156
2024-04-08 00:00:00-04:00,2024,Q2,Microsoft Corporation,Technology,MSFT,420.3826904296875
2024-04-15 00:00:00-04:00,2024,Q2,Microsoft Corporation,Technology,MSFT,397.6846008300781
2024-04-22 00:00:00-04:00,2024,Q2,Microsoft Corporation,Technology,MSFT,404.8587341308594
2024-04-29 00:00:00-04:00,2024,Q2,Microsoft Corporation,Technology,MSFT,405.1974792480469
2024-05-06 00:00:00-04:00,2024,Q2,Microsoft Corporation,Technology,MSFT,413.2484130859375
2024-05-13 00:00:00-04:00,2024,Q2,Microsoft Corporation,Technology,MSFT,418.69873046875
2024-05-20 00:00:00-04:00,2024,Q2,Microsoft Corporation,Technology,MSFT,429.3860778808594
2024-05-27 00:00:00-04:00,2024,Q2,Microsoft Corporation,Technology,MSFT,414.38311767578125
2024-06-03 00:00:00-04:00,2024,Q2,Microsoft Corporation,Technology,MSFT,423.0874328613281
2024-06-10 00:00:00-04:00,2024,Q2,Microsoft Corporation,Technology,MSFT,441.77374267578125
2024-06-17 00:00:00-04:00,2024,Q2,Microsoft Corporation,Technology,MSFT,448.97076416015625
2024-06-24 00:00:00-04:00,2024,Q2,Microsoft Corporation,Technology,MSFT,446.1458740234375
2024-07-01 00:00:00-04:00,2024,Q3,Microsoft Corporation,Technology,MSFT,466.7187805175781
2024-07-08 00:00:00-04:00,2024,Q3,Microsoft Corporation,Technology,MSFT,452.7339782714844
2024-07-15 00:00:00-04:00,2024,Q3,Microsoft Corporation,Technology,MSFT,436.32354736328125
2024-07-22 00:00:00-04:00,2024,Q3,Microsoft Corporation,Technology,MSFT,424.5048522949219
2024-07-29 00:00:00-04:00,2024,Q3,Microsoft Corporation,Technology,MSFT,407.7550354003906
2024-08-05 00:00:00-04:00,2024,Q3,Microsoft Corporation,Technology,MSFT,405.28948974609375
2024-08-12 00:00:00-04:00,2024,Q3,Microsoft Corporation,Technology,MSFT,417.71710205078125
2024-08-19 00:00:00-04:00,2024,Q3,Microsoft Corporation,Technology,MSFT,416.7900085449219
2024-08-26 00:00:00-04:00,2024,Q3,Microsoft Corporation,Technology,MSFT,417.1400146484375
2024-09-02 00:00:00-04:00,2024,Q3,Microsoft Corporation,Technology,MSFT,401.70001220703125
2024-09-09 00:00:00-04:00,2024,Q3,Microsoft Corporation,Technology,MSFT,430.5899963378906
2024-09-16 00:00:00-04:00,2024,Q3,Microsoft Corporation,Technology,MSFT,435.2699890136719
2024-09-23 00:00:00-04:00,2024,Q3,Microsoft Corporation,Technology,MSFT,428.0199890136719
2023-07-31 00:00:00-04:00,2023,Q3,Alphabet Inc.,Technology,GOOGL,127.79356384277344
2023-08-07 00:00:00-04:00,2023,Q3,Alphabet Inc.,Technology,GOOGL,129.23997497558594
2023-08-14 00:00:00-04:00,2023,Q3,Alphabet Inc.,Technology,GOOGL,127.14517211914062
2023-08-21 00:00:00-04:00,2023,Q3,Alphabet Inc.,Technology,GOOGL,129.55918884277344
2023-08-28 00:00:00-04:00,2023,Q3,Alphabet Inc.,Technology,GOOGL,135.32492065429688
2023-09-04 00:00:00-04:00,2023,Q3,Alphabet Inc.,Technology,GOOGL,136.0431365966797
2023-09-11 00:00:00-04:00,2023,Q3,Alphabet Inc.,Technology,GOOGL,137.06060791015625
2023-09-18 00:00:00-04:00,2023,Q3,Alphabet Inc.,Technology,GOOGL,129.9282684326172
2023-09-25 00:00:00-04:00,2023,Q3,Alphabet Inc.,Technology,GOOGL,130.53677368164062
2023-10-02 00:00:00-04:00,2023,Q4,Alphabet Inc.,Technology,GOOGL,137.2401580810547
2023-10-09 00:00:00-04:00,2023,Q4,Alphabet Inc.,Technology,GOOGL,137.02072143554688
2023-10-16 00:00:00-04:00,2023,Q4,Alphabet Inc.,Technology,GOOGL,135.2650604248047
2023-10-23 00:00:00-04:00,2023,Q4,Alphabet Inc.,Technology,GOOGL,121.86823272705078
2023-10-30 00:00:00-04:00,2023,Q4,Alphabet Inc.,Technology,GOOGL,128.7811279296875
2023-11-06 00:00:00-05:00,2023,Q4,Alphabet Inc.,Technology,GOOGL,132.2624969482422
2023-11-13 00:00:00-05:00,2023,Q4,Alphabet Inc.,Technology,GOOGL,134.9757843017578
2023-11-20 00:00:00-05:00,2023,Q4,Alphabet Inc.,Technology,GOOGL,136.3523712158203
2023-11-27 00:00:00-05:00,2023,Q4,Alphabet Inc.,Technology,GOOGL,131.5343017578125
2023-12-04 00:00:00-05:00,2023,Q4,Alphabet Inc.,Technology,GOOGL,134.6565704345703
2023-12-11 00:00:00-05:00,2023,Q4,Alphabet Inc.,Technology,GOOGL,132.27247619628906
2023-12-18 00:00:00-05:00,2023,Q4,Alphabet Inc.,Technology,GOOGL,141.14051818847656
2023-12-25 00:00:00-05:00,2023,Q4,Alphabet Inc.,Technology,GOOGL,139.34495544433594
2024-01-01 00:00:00-05:00,2024,Q1,Alphabet Inc.,Technology,GOOGL,135.3947296142578
2024-01-08 00:00:00-05:00,2024,Q1,Alphabet Inc.,Technology,GOOGL,142.29763793945312
2024-01-15 00:00:00-05:00,2024,Q1,Alphabet Inc.,Technology,GOOGL,146.0184326171875
2024-01-22 00:00:00-05:00,2024,Q1,Alphabet Inc.,Technology,GOOGL,151.8140869140625
2024-01-29 00:00:00-05:00,2024,Q1,Alphabet Inc.,Technology,GOOGL,142.0283203125
2024-02-05 00:00:00-05:00,2024,Q1,Alphabet Inc.,Technology,GOOGL,148.63197326660156
2024-02-12 00:00:00-05:00,2024,Q1,Alphabet Inc.,Technology,GOOGL,140.17291259765625
2024-02-19 00:00:00-05:00,2024,Q1,Alphabet Inc.,Technology,GOOGL,143.6044158935547
2024-02-26 00:00:00-05:00,2024,Q1,Alphabet Inc.,Technology,GOOGL,136.80125427246094
2024-03-04 00:00:00-05:00,2024,Q1,Alphabet Inc.,Technology,GOOGL,135.07553100585938
2024-03-11 00:00:00-04:00,2024,Q1,Alphabet Inc.,Technology,GOOGL,140.83126831054688
2024-03-18 00:00:00-04:00,2024,Q1,Alphabet Inc.,Technology,GOOGL,150.39759826660156
2024-03-25 00:00:00-04:00,2024,Q1,Alphabet Inc.,Technology,GOOGL,150.55718994140625
2024-04-01 00:00:00-04:00,2024,Q2,Alphabet Inc.,Technology,GOOGL,152.12332153320312
2024-04-08 00:00:00-04:00,2024,Q2,Alphabet Inc.,Technology,GOOGL,157.3404083251953
2024-04-15 00:00:00-04:00,2024,Q2,Alphabet Inc.,Technology,GOOGL,153.7093963623047
2024-04-22 00:00:00-04:00,2024,Q2,Alphabet Inc.,Technology,GOOGL,171.52528381347656
2024-04-29 00:00:00-04:00,2024,Q2,Alphabet Inc.,Technology,GOOGL,166.82691955566406
2024-05-06 00:00:00-04:00,2024,Q2,Alphabet Inc.,Technology,GOOGL,168.23341369628906
2024-05-13 00:00:00-04:00,2024,Q2,Alphabet Inc.,Technology,GOOGL,175.6251220703125
2024-05-20 00:00:00-04:00,2024,Q2,Alphabet Inc.,Technology,GOOGL,174.5577850341797
2024-05-27 00:00:00-04:00,2024,Q2,Alphabet Inc.,Technology,GOOGL,172.07391357421875
2024-06-03 00:00:00-04:00,2024,Q2,Alphabet Inc.,Technology,GOOGL,174.02908325195312
2024-06-10 00:00:00-04:00,2024,Q2,Alphabet Inc.,Technology,GOOGL,176.3533172607422
2024-06-17 00:00:00-04:00,2024,Q2,Alphabet Inc.,Technology,GOOGL,179.3919677734375
2024-06-24 00:00:00-04:00,2024,Q2,Alphabet Inc.,Technology,GOOGL,181.9086151123047
2024-07-01 00:00:00-04:00,2024,Q3,Alphabet Inc.,Technology,GOOGL,190.34742736816406
2024-07-08 00:00:00-04:00,2024,Q3,Alphabet Inc.,Technology,GOOGL,184.8247528076172
2024-07-15 00:00:00-04:00,2024,Q3,Alphabet Inc.,Technology,GOOGL,177.42457580566406
2024-07-22 00:00:00-04:00,2024,Q3,Alphabet Inc.,Technology,GOOGL,166.7786865234375
2024-07-29 00:00:00-04:00,2024,Q3,Alphabet Inc.,Technology,GOOGL,166.43914794921875
2024-08-05 00:00:00-04:00,2024,Q3,Alphabet Inc.,Technology,GOOGL,163.45310974121094
2024-08-12 00:00:00-04:00,2024,Q3,Alphabet Inc.,Technology,GOOGL,162.74404907226562
2024-08-19 00:00:00-04:00,2024,Q3,Alphabet Inc.,Technology,GOOGL,165.4005126953125
2024-08-26 00:00:00-04:00,2024,Q3,Alphabet Inc.,Technology,GOOGL,163.1634979248047
2024-09-02 00:00:00-04:00,2024,Q3,Alphabet Inc.,Technology,GOOGL,150.72000122070312
2024-09-09 00:00:00-04:00,2024,Q3,Alphabet Inc.,Technology,GOOGL,157.2513427734375
2024-09-16 00:00:00-04:00,2024,Q3,Alphabet Inc.,Technology,GOOGL,163.58999633789062
2024-09-23 00:00:00-04:00,2024,Q3,Alphabet Inc.,Technology,GOOGL,163.9499969482422
2023-07-31 00:00:00-04:00,2023,Q3,NVIDIA Corporation,Technology,NVDA,44.662803649902344
2023-08-07 00:00:00-04:00,2023,Q3,NVIDIA Corporation,Technology,NVDA,40.83927536010742
2023-08-14 00:00:00-04:00,2023,Q3,NVIDIA Corporation,Technology,NVDA,43.2823371887207
2023-08-21 00:00:00-04:00,2023,Q3,NVIDIA Corporation,Technology,NVDA,46.00028991699219
2023-08-28 00:00:00-04:00,2023,Q3,NVIDIA Corporation,Technology,NVDA,48.49033737182617
2023-09-04 00:00:00-04:00,2023,Q3,NVIDIA Corporation,Technology,NVDA,45.55446243286133
2023-09-11 00:00:00-04:00,2023,Q3,NVIDIA Corporation,Technology,NVDA,43.886722564697266
2023-09-18 00:00:00-04:00,2023,Q3,NVIDIA Corporation,Technology,NVDA,41.597412109375
2023-09-25 00:00:00-04:00,2023,Q3,NVIDIA Corporation,Technology,NVDA,43.48583984375
2023-10-02 00:00:00-04:00,2023,Q4,NVIDIA Corporation,Technology,NVDA,45.7481575012207
2023-10-09 00:00:00-04:00,2023,Q4,NVIDIA Corporation,Technology,NVDA,45.44724655151367
2023-10-16 00:00:00-04:00,2023,Q4,NVIDIA Corporation,Technology,NVDA,41.374481201171875
2023-10-23 00:00:00-04:00,2023,Q4,NVIDIA Corporation,Technology,NVDA,40.48775100708008
2023-10-30 00:00:00-04:00,2023,Q4,NVIDIA Corporation,Technology,NVDA,44.991390228271484
2023-11-06 00:00:00-05:00,2023,Q4,NVIDIA Corporation,Technology,NVDA,48.320377349853516
2023-11-13 00:00:00-05:00,2023,Q4,NVIDIA Corporation,Technology,NVDA,49.2830924987793
2023-11-20 00:00:00-05:00,2023,Q4,NVIDIA Corporation,Technology,NVDA,47.76155090332031
2023-11-27 00:00:00-05:00,2023,Q4,NVIDIA Corporation,Technology,NVDA,46.7508544921875
2023-12-04 00:00:00-05:00,2023,Q4,NVIDIA Corporation,Technology,NVDA,47.49163055419922
2023-12-11 00:00:00-05:00,2023,Q4,NVIDIA Corporation,Technology,NVDA,48.87950897216797
2023-12-18 00:00:00-05:00,2023,Q4,NVIDIA Corporation,Technology,NVDA,48.81952667236328
2023-12-25 00:00:00-05:00,2023,Q4,NVIDIA Corporation,Technology,NVDA,49.511375427246094
2024-01-01 00:00:00-05:00,2024,Q1,NVIDIA Corporation,Technology,NVDA,49.086463928222656
2024-01-08 00:00:00-05:00,2024,Q1,NVIDIA Corporation,Technology,NVDA,54.69825744628906
2024-01-15 00:00:00-05:00,2024,Q1,NVIDIA Corporation,Technology,NVDA,59.47823715209961
2024-01-22 00:00:00-05:00,2024,Q1,NVIDIA Corporation,Technology,NVDA,61.017906188964844
2024-01-29 00:00:00-05:00,2024,Q1,NVIDIA Corporation,Technology,NVDA,66.14580535888672
2024-02-05 00:00:00-05:00,2024,Q1,NVIDIA Corporation,Technology,NVDA,72.11752319335938
2024-02-12 00:00:00-05:00,2024,Q1,NVIDIA Corporation,Technology,NVDA,72.59741973876953
2024-02-19 00:00:00-05:00,2024,Q1,NVIDIA Corporation,Technology,NVDA,78.80008697509766
2024-02-26 00:00:00-05:00,2024,Q1,NVIDIA Corporation,Technology,NVDA,82.26134490966797
2024-03-04 00:00:00-05:00,2024,Q1,NVIDIA Corporation,Technology,NVDA,87.50922393798828
2024-03-11 00:00:00-04:00,2024,Q1,NVIDIA Corporation,Technology,NVDA,87.822265625
2024-03-18 00:00:00-04:00,2024,Q1,NVIDIA Corporation,Technology,NVDA,94.273193359375
2024-03-25 00:00:00-04:00,2024,Q1,NVIDIA Corporation,Technology,NVDA,90.34085083007812
2024-04-01 00:00:00-04:00,2024,Q2,NVIDIA Corporation,Technology,NVDA,87.99324798583984
2024-04-08 00:00:00-04:00,2024,Q2,NVIDIA Corporation,Technology,NVDA,88.17121124267578
2024-04-15 00:00:00-04:00,2024,Q2,NVIDIA Corporation,Technology,NVDA,76.18722534179688
2024-04-22 00:00:00-04:00,2024,Q2,NVIDIA Corporation,Technology,NVDA,87.72028350830078
2024-04-29 00:00:00-04:00,2024,Q2,NVIDIA Corporation,Technology,NVDA,88.77411651611328
2024-05-06 00:00:00-04:00,2024,Q2,NVIDIA Corporation,Technology,NVDA,89.86292266845703
2024-05-13 00:00:00-04:00,2024,Q2,NVIDIA Corporation,Technology,NVDA,92.46348571777344
2024-05-20 00:00:00-04:00,2024,Q2,NVIDIA Corporation,Technology,NVDA,106.4511489868164
2024-05-27 00:00:00-04:00,2024,Q2,NVIDIA Corporation,Technology,NVDA,109.6146240234375
2024-06-03 00:00:00-04:00,2024,Q2,NVIDIA Corporation,Technology,NVDA,120.86773681640625
2024-06-10 00:00:00-04:00,2024,Q2,NVIDIA Corporation,Technology,NVDA,131.85789489746094
2024-06-17 00:00:00-04:00,2024,Q2,NVIDIA Corporation,Technology,NVDA,126.55917358398438
2024-06-24 00:00:00-04:00,2024,Q2,NVIDIA Corporation,Technology,NVDA,123.52943420410156
2024-07-01 00:00:00-04:00,2024,Q3,NVIDIA Corporation,Technology,NVDA,125.8192367553711
2024-07-08 00:00:00-04:00,2024,Q3,NVIDIA Corporation,Technology,NVDA,129.2289581298828
2024-07-15 00:00:00-04:00,2024,Q3,NVIDIA Corporation,Technology,NVDA,117.91991424560547
2024-07-22 00:00:00-04:00,2024,Q3,NVIDIA Corporation,Technology,NVDA,113.05032348632812
2024-07-29 00:00:00-04:00,2024,Q3,NVIDIA Corporation,Technology,NVDA,107.26081848144531
2024-08-05 00:00:00-04:00,2024,Q3,NVIDIA Corporation,Technology,NVDA,104.74104309082031
2024-08-12 00:00:00-04:00,2024,Q3,NVIDIA Corporation,Technology,NVDA,124.56934356689453
2024-08-19 00:00:00-04:00,2024,Q3,NVIDIA Corporation,Technology,NVDA,129.3589324951172
2024-08-26 00:00:00-04:00,2024,Q3,NVIDIA Corporation,Technology,NVDA,119.35979461669922
2024-09-02 00:00:00-04:00,2024,Q3,NVIDIA Corporation,Technology,NVDA,102.82120513916016
2024-09-09 00:00:00-04:00,2024,Q3,NVIDIA Corporation,Technology,NVDA,119.08981323242188
2024-09-16 00:00:00-04:00,2024,Q3,NVIDIA Corporation,Technology,NVDA,116.0
2024-09-23 00:00:00-04:00,2024,Q3,NVIDIA Corporation,Technology,NVDA,121.4000015258789
2023-07-31 00:00:00-04:00,2023,Q3,"Meta Platforms, Inc.",Technology,META,309.7972412109375
2023-08-07 00:00:00-04:00,2023,Q3,"Meta Platforms, Inc.",Technology,META,300.73455810546875
2023-08-14 00:00:00-04:00,2023,Q3,"Meta Platforms, Inc.",Technology,META,282.39971923828125
2023-08-21 00:00:00-04:00,2023,Q3,"Meta Platforms, Inc.",Technology,META,284.6429443359375
2023-08-28 00:00:00-04:00,2023,Q3,"Meta Platforms, Inc.",Technology,META,295.4903259277344
2023-09-04 00:00:00-04:00,2023,Q3,"Meta Platforms, Inc.",Technology,META,296.99578857421875
2023-09-11 00:00:00-04:00,2023,Q3,"Meta Platforms, Inc.",Technology,META,299.40850830078125
2023-09-18 00:00:00-04:00,2023,Q3,"Meta Platforms, Inc.",Technology,META,298.18218994140625
2023-09-25 00:00:00-04:00,2023,Q3,"Meta Platforms, Inc.",Technology,META,299.3088073730469
2023-10-02 00:00:00-04:00,2023,Q4,"Meta Platforms, Inc.",Technology,META,314.4831237792969
2023-10-09 00:00:00-04:00,2023,Q4,"Meta Platforms, Inc.",Technology,META,313.745361328125
2023-10-16 00:00:00-04:00,2023,Q4,"Meta Platforms, Inc.",Technology,META,307.72344970703125
2023-10-23 00:00:00-04:00,2023,Q4,"Meta Platforms, Inc.",Technology,META,295.8392639160156
2023-10-30 00:00:00-04:00,2023,Q4,"Meta Platforms, Inc.",Technology,META,313.6556091308594
2023-11-06 00:00:00-05:00,2023,Q4,"Meta Platforms, Inc.",Technology,META,327.7830810546875
2023-11-13 00:00:00-05:00,2023,Q4,"Meta Platforms, Inc.",Technology,META,334.0342712402344
2023-11-20 00:00:00-05:00,2023,Q4,"Meta Platforms, Inc.",Technology,META,337.2146911621094
2023-11-27 00:00:00-05:00,2023,Q4,"Meta Platforms, Inc.",Technology,META,323.8449401855469
2023-12-04 00:00:00-05:00,2023,Q4,"Meta Platforms, Inc.",Technology,META,331.7511291503906
2023-12-11 00:00:00-05:00,2023,Q4,"Meta Platforms, Inc.",Technology,META,333.91461181640625
2023-12-18 00:00:00-05:00,2023,Q4,"Meta Platforms, Inc.",Technology,META,352.3291931152344
2023-12-25 00:00:00-05:00,2023,Q4,"Meta Platforms, Inc.",Technology,META,352.8974609375
2024-01-01 00:00:00-05:00,2024,Q1,"Meta Platforms, Inc.",Technology,META,350.8935241699219
2024-01-08 00:00:00-05:00,2024,Q1,"Meta Platforms, Inc.",Technology,META,373.3658447265625
2024-01-15 00:00:00-05:00,2024,Q1,"Meta Platforms, Inc.",Technology,META,382.2989501953125
2024-01-22 00:00:00-05:00,2024,Q1,"Meta Platforms, Inc.",Technology,META,392.95684814453125
2024-01-29 00:00:00-05:00,2024,Q1,"Meta Platforms, Inc.",Technology,META,473.56414794921875
2024-02-05 00:00:00-05:00,2024,Q1,"Meta Platforms, Inc.",Technology,META,466.70477294921875
2024-02-12 00:00:00-05:00,2024,Q1,"Meta Platforms, Inc.",Technology,META,471.899169921875
2024-02-19 00:00:00-05:00,2024,Q1,"Meta Platforms, Inc.",Technology,META,482.5770263671875
2024-02-26 00:00:00-05:00,2024,Q1,"Meta Platforms, Inc.",Technology,META,501.3235168457031
2024-03-04 00:00:00-05:00,2024,Q1,"Meta Platforms, Inc.",Technology,META,504.9664306640625
2024-03-11 00:00:00-04:00,2024,Q1,"Meta Platforms, Inc.",Technology,META,483.1589050292969
2024-03-18 00:00:00-04:00,2024,Q1,"Meta Platforms, Inc.",Technology,META,508.58935546875
2024-03-25 00:00:00-04:00,2024,Q1,"Meta Platforms, Inc.",Technology,META,484.6360168457031
2024-04-01 00:00:00-04:00,2024,Q2,"Meta Platforms, Inc.",Technology,META,526.3148193359375
2024-04-08 00:00:00-04:00,2024,Q2,"Meta Platforms, Inc.",Technology,META,510.90484619140625
2024-04-15 00:00:00-04:00,2024,Q2,"Meta Platforms, Inc.",Technology,META,480.1347961425781
2024-04-22 00:00:00-04:00,2024,Q2,"Meta Platforms, Inc.",Technology,META,442.4282531738281
2024-04-29 00:00:00-04:00,2024,Q2,"Meta Platforms, Inc.",Technology,META,451.08135986328125
2024-05-06 00:00:00-04:00,2024,Q2,"Meta Platforms, Inc.",Technology,META,475.2742614746094
2024-05-13 00:00:00-04:00,2024,Q2,"Meta Platforms, Inc.",Technology,META,470.99261474609375
2024-05-20 00:00:00-04:00,2024,Q2,"Meta Platforms, Inc.",Technology,META,477.29034423828125
2024-05-27 00:00:00-04:00,2024,Q2,"Meta Platforms, Inc.",Technology,META,465.9224853515625
2024-06-03 00:00:00-04:00,2024,Q2,"Meta Platforms, Inc.",Technology,META,492.0016784667969
2024-06-10 00:00:00-04:00,2024,Q2,"Meta Platforms, Inc.",Technology,META,503.1799011230469
2024-06-17 00:00:00-04:00,2024,Q2,"Meta Platforms, Inc.",Technology,META,494.3084411621094
2024-06-24 00:00:00-04:00,2024,Q2,"Meta Platforms, Inc.",Technology,META,503.73944091796875
2024-07-01 00:00:00-04:00,2024,Q3,"Meta Platforms, Inc.",Technology,META,539.3953857421875
2024-07-08 00:00:00-04:00,2024,Q3,"Meta Platforms, Inc.",Technology,META,498.39453125
2024-07-15 00:00:00-04:00,2024,Q3,"Meta Platforms, Inc.",Technology,META,476.3356018066406
2024-07-22 00:00:00-04:00,2024,Q3,"Meta Platforms, Inc.",Technology,META,465.25616455078125
2024-07-29 00:00:00-04:00,2024,Q3,"Meta Platforms, Inc.",Technology,META,487.6747741699219
2024-08-05 00:00:00-04:00,2024,Q3,"Meta Platforms, Inc.",Technology,META,517.2765502929688
2024-08-12 00:00:00-04:00,2024,Q3,"Meta Platforms, Inc.",Technology,META,526.9172973632812
2024-08-19 00:00:00-04:00,2024,Q3,"Meta Platforms, Inc.",Technology,META,527.4967651367188
2024-08-26 00:00:00-04:00,2024,Q3,"Meta Platforms, Inc.",Technology,META,520.8131713867188
2024-09-02 00:00:00-04:00,2024,Q3,"Meta Platforms, Inc.",Technology,META,499.7931823730469
2024-09-09 00:00:00-04:00,2024,Q3,"Meta Platforms, Inc.",Technology,META,524.1199951171875
2024-09-16 00:00:00-04:00,2024,Q3,"Meta Platforms, Inc.",Technology,META,560.81494140625
2024-09-23 00:00:00-04:00,2024,Q3,"Meta Platforms, Inc.",Technology,META,567.3599853515625
2023-07-31 00:00:00-04:00,2023,Q3,Johnson & Johnson,Healthcare,JNJ,162.67404174804688
2023-08-07 00:00:00-04:00,2023,Q3,Johnson & Johnson,Healthcare,JNJ,167.3029022216797
2023-08-14 00:00:00-04:00,2023,Q3,Johnson & Johnson,Healthcare,JNJ,165.994140625
2023-08-21 00:00:00-04:00,2023,Q3,Johnson & Johnson,Healthcare,JNJ,159.98912048339844
2023-08-28 00:00:00-04:00,2023,Q3,Johnson & Johnson,Healthcare,JNJ,155.5576934814453
2023-09-04 00:00:00-04:00,2023,Q3,Johnson & Johnson,Healthcare,JNJ,155.63523864746094
2023-09-11 00:00:00-04:00,2023,Q3,Johnson & Johnson,Healthcare,JNJ,156.49795532226562
2023-09-18 00:00:00-04:00,2023,Q3,Johnson & Johnson,Healthcare,JNJ,155.5771026611328
2023-09-25 00:00:00-04:00,2023,Q3,Johnson & Johnson,Healthcare,JNJ,150.9727783203125
2023-10-02 00:00:00-04:00,2023,Q4,Johnson & Johnson,Healthcare,JNJ,152.8048095703125
2023-10-09 00:00:00-04:00,2023,Q4,Johnson & Johnson,Healthcare,JNJ,152.0390625
2023-10-16 00:00:00-04:00,2023,Q4,Johnson & Johnson,Healthcare,JNJ,148.30712890625
2023-10-23 00:00:00-04:00,2023,Q4,Johnson & Johnson,Healthcare,JNJ,141.1341094970703
2023-10-30 00:00:00-04:00,2023,Q4,Johnson & Johnson,Healthcare,JNJ,146.6980438232422
2023-11-06 00:00:00-05:00,2023,Q4,Johnson & Johnson,Healthcare,JNJ,142.73350524902344
2023-11-13 00:00:00-05:00,2023,Q4,Johnson & Johnson,Healthcare,JNJ,145.19557189941406
2023-11-20 00:00:00-05:00,2023,Q4,Johnson & Johnson,Healthcare,JNJ,147.8224639892578
2023-11-27 00:00:00-05:00,2023,Q4,Johnson & Johnson,Healthcare,JNJ,154.75152587890625
2023-12-04 00:00:00-05:00,2023,Q4,Johnson & Johnson,Healthcare,JNJ,150.88226318359375
2023-12-11 00:00:00-05:00,2023,Q4,Johnson & Johnson,Healthcare,JNJ,151.6053009033203
2023-12-18 00:00:00-05:00,2023,Q4,Johnson & Johnson,Healthcare,JNJ,151.8984375
2023-12-25 00:00:00-05:00,2023,Q4,Johnson & Johnson,Healthcare,JNJ,153.1491241455078
2024-01-01 00:00:00-05:00,2024,Q1,Johnson & Johnson,Healthcare,JNJ,157.43853759765625
2024-01-08 00:00:00-05:00,2024,Q1,Johnson & Johnson,Healthcare,JNJ,158.66966247558594
2024-01-15 00:00:00-05:00,2024,Q1,Johnson & Johnson,Healthcare,JNJ,157.97592163085938
2024-01-22 00:00:00-05:00,2024,Q1,Johnson & Johnson,Healthcare,JNJ,155.8458709716797
2024-01-29 00:00:00-05:00,2024,Q1,Johnson & Johnson,Healthcare,JNJ,153.02207946777344
2024-02-05 00:00:00-05:00,2024,Q1,Johnson & Johnson,Healthcare,JNJ,153.16864013671875
2024-02-12 00:00:00-05:00,2024,Q1,Johnson & Johnson,Healthcare,JNJ,152.96347045898438
2024-02-19 00:00:00-05:00,2024,Q1,Johnson & Johnson,Healthcare,JNJ,159.33291625976562
2024-02-26 00:00:00-05:00,2024,Q1,Johnson & Johnson,Healthcare,JNJ,159.6085662841797
2024-03-04 00:00:00-05:00,2024,Q1,Johnson & Johnson,Healthcare,JNJ,157.04885864257812
2024-03-11 00:00:00-04:00,2024,Q1,Johnson & Johnson,Healthcare,JNJ,155.72959899902344
2024-03-18 00:00:00-04:00,2024,Q1,Johnson & Johnson,Healthcare,JNJ,152.82530212402344
2024-03-25 00:00:00-04:00,2024,Q1,Johnson & Johnson,Healthcare,JNJ,155.7394561767578
2024-04-01 00:00:00-04:00,2024,Q2,Johnson & Johnson,Healthcare,JNJ,150.029296875
2024-04-08 00:00:00-04:00,2024,Q2,Johnson & Johnson,Healthcare,JNJ,145.2347412109375
2024-04-15 00:00:00-04:00,2024,Q2,Johnson & Johnson,Healthcare,JNJ,145.6186981201172
2024-04-22 00:00:00-04:00,2024,Q2,Johnson & Johnson,Healthcare,JNJ,143.87611389160156
2024-04-29 00:00:00-04:00,2024,Q2,Johnson & Johnson,Healthcare,JNJ,146.95762634277344
2024-05-06 00:00:00-04:00,2024,Q2,Johnson & Johnson,Healthcare,JNJ,147.5877227783203
2024-05-13 00:00:00-04:00,2024,Q2,Johnson & Johnson,Healthcare,JNJ,152.24444580078125
2024-05-20 00:00:00-04:00,2024,Q2,Johnson & Johnson,Healthcare,JNJ,144.69326782226562
2024-05-27 00:00:00-04:00,2024,Q2,Johnson & Johnson,Healthcare,JNJ,145.5651397705078
2024-06-03 00:00:00-04:00,2024,Q2,Johnson & Johnson,Healthcare,JNJ,145.97206115722656
2024-06-10 00:00:00-04:00,2024,Q2,Johnson & Johnson,Healthcare,JNJ,144.4436492919922
2024-06-17 00:00:00-04:00,2024,Q2,Johnson & Johnson,Healthcare,JNJ,147.6294708251953
2024-06-24 00:00:00-04:00,2024,Q2,Johnson & Johnson,Healthcare,JNJ,145.05899047851562
2024-07-01 00:00:00-04:00,2024,Q3,Johnson & Johnson,Healthcare,JNJ,145.37657165527344
2024-07-08 00:00:00-04:00,2024,Q3,Johnson & Johnson,Healthcare,JNJ,148.75096130371094
2024-07-15 00:00:00-04:00,2024,Q3,Johnson & Johnson,Healthcare,JNJ,153.5247344970703
2024-07-22 00:00:00-04:00,2024,Q3,Johnson & Johnson,Healthcare,JNJ,159.42990112304688
2024-07-29 00:00:00-04:00,2024,Q3,Johnson & Johnson,Healthcare,JNJ,162.90353393554688
2024-08-05 00:00:00-04:00,2024,Q3,Johnson & Johnson,Healthcare,JNJ,159.41004943847656
2024-08-12 00:00:00-04:00,2024,Q3,Johnson & Johnson,Healthcare,JNJ,158.18931579589844
2024-08-19 00:00:00-04:00,2024,Q3,Johnson & Johnson,Healthcare,JNJ,162.89361572265625
2024-08-26 00:00:00-04:00,2024,Q3,Johnson & Johnson,Healthcare,JNJ,164.61058044433594
2024-09-02 00:00:00-04:00,2024,Q3,Johnson & Johnson,Healthcare,JNJ,164.3800048828125
2024-09-09 00:00:00-04:00,2024,Q3,Johnson & Johnson,Healthcare,JNJ,165.52000427246094
2024-09-16 00:00:00-04:00,2024,Q3,Johnson & Johnson,Healthcare,JNJ,164.16000366210938
2024-09-23 00:00:00-04:00,2024,Q3,Johnson & Johnson,Healthcare,JNJ,161.39999389648438
2023-07-31 00:00:00-04:00,2023,Q3,Pfizer Inc.,Healthcare,PFE,32.56360626220703
2023-08-07 00:00:00-04:00,2023,Q3,Pfizer Inc.,Healthcare,PFE,33.51205825805664
2023-08-14 00:00:00-04:00,2023,Q3,Pfizer Inc.,Healthcare,PFE,34.088565826416016
2023-08-21 00:00:00-04:00,2023,Q3,Pfizer Inc.,Healthcare,PFE,33.82820510864258
2023-08-28 00:00:00-04:00,2023,Q3,Pfizer Inc.,Healthcare,PFE,33.27029037475586
2023-09-04 00:00:00-04:00,2023,Q3,Pfizer Inc.,Healthcare,PFE,31.847614288330078
2023-09-11 00:00:00-04:00,2023,Q3,Pfizer Inc.,Healthcare,PFE,31.680234909057617
2023-09-18 00:00:00-04:00,2023,Q3,Pfizer Inc.,Healthcare,PFE,30.397031784057617
2023-09-25 00:00:00-04:00,2023,Q3,Pfizer Inc.,Healthcare,PFE,30.843366622924805
2023-10-02 00:00:00-04:00,2023,Q4,Pfizer Inc.,Healthcare,PFE,30.80617332458496
2023-10-09 00:00:00-04:00,2023,Q4,Pfizer Inc.,Healthcare,PFE,29.857715606689453
2023-10-16 00:00:00-04:00,2023,Q4,Pfizer Inc.,Healthcare,PFE,28.500123977661133
2023-10-23 00:00:00-04:00,2023,Q4,Pfizer Inc.,Healthcare,PFE,27.998003005981445
2023-10-30 00:00:00-04:00,2023,Q4,Pfizer Inc.,Healthcare,PFE,29.067337036132812
2023-11-06 00:00:00-05:00,2023,Q4,Pfizer Inc.,Healthcare,PFE,27.41219139099121
2023-11-13 00:00:00-05:00,2023,Q4,Pfizer Inc.,Healthcare,PFE,28.196426391601562
2023-11-20 00:00:00-05:00,2023,Q4,Pfizer Inc.,Healthcare,PFE,28.74301528930664
2023-11-27 00:00:00-05:00,2023,Q4,Pfizer Inc.,Healthcare,PFE,27.244609832763672
2023-12-04 00:00:00-05:00,2023,Q4,Pfizer Inc.,Healthcare,PFE,27.122098922729492
2023-12-11 00:00:00-05:00,2023,Q4,Pfizer Inc.,Healthcare,PFE,25.095951080322266
2023-12-18 00:00:00-05:00,2023,Q4,Pfizer Inc.,Healthcare,PFE,26.76399040222168
2023-12-25 00:00:00-05:00,2023,Q4,Pfizer Inc.,Healthcare,PFE,27.13152313232422
2024-01-01 00:00:00-05:00,2024,Q1,Pfizer Inc.,Healthcare,PFE,27.772350311279297
2024-01-08 00:00:00-05:00,2024,Q1,Pfizer Inc.,Healthcare,PFE,27.046707153320312
2024-01-15 00:00:00-05:00,2024,Q1,Pfizer Inc.,Healthcare,PFE,26.650901794433594
2024-01-22 00:00:00-05:00,2024,Q1,Pfizer Inc.,Healthcare,PFE,25.88755989074707
2024-01-29 00:00:00-05:00,2024,Q1,Pfizer Inc.,Healthcare,PFE,25.760576248168945
2024-02-05 00:00:00-05:00,2024,Q1,Pfizer Inc.,Healthcare,PFE,26.363218307495117
2024-02-12 00:00:00-05:00,2024,Q1,Pfizer Inc.,Healthcare,PFE,26.42061424255371
2024-02-19 00:00:00-05:00,2024,Q1,Pfizer Inc.,Healthcare,PFE,26.554534912109375
2024-02-26 00:00:00-05:00,2024,Q1,Pfizer Inc.,Healthcare,PFE,25.43534278869629
2024-03-04 00:00:00-05:00,2024,Q1,Pfizer Inc.,Healthcare,PFE,26.037982940673828
2024-03-11 00:00:00-04:00,2024,Q1,Pfizer Inc.,Healthcare,PFE,26.72671890258789
2024-03-18 00:00:00-04:00,2024,Q1,Pfizer Inc.,Healthcare,PFE,26.171905517578125
2024-03-25 00:00:00-04:00,2024,Q1,Pfizer Inc.,Healthcare,PFE,26.544967651367188
2024-04-01 00:00:00-04:00,2024,Q2,Pfizer Inc.,Healthcare,PFE,25.502300262451172
2024-04-08 00:00:00-04:00,2024,Q2,Pfizer Inc.,Healthcare,PFE,24.737041473388672
2024-04-15 00:00:00-04:00,2024,Q2,Pfizer Inc.,Healthcare,PFE,24.870962142944336
2024-04-22 00:00:00-04:00,2024,Q2,Pfizer Inc.,Healthcare,PFE,24.297016143798828
2024-04-29 00:00:00-04:00,2024,Q2,Pfizer Inc.,Healthcare,PFE,26.60236167907715
2024-05-06 00:00:00-04:00,2024,Q2,Pfizer Inc.,Healthcare,PFE,26.793678283691406
2024-05-13 00:00:00-04:00,2024,Q2,Pfizer Inc.,Healthcare,PFE,27.809478759765625
2024-05-20 00:00:00-04:00,2024,Q2,Pfizer Inc.,Healthcare,PFE,28.042518615722656
2024-05-27 00:00:00-04:00,2024,Q2,Pfizer Inc.,Healthcare,PFE,27.828899383544922
2024-06-03 00:00:00-04:00,2024,Q2,Pfizer Inc.,Healthcare,PFE,27.751218795776367
2024-06-10 00:00:00-04:00,2024,Q2,Pfizer Inc.,Healthcare,PFE,26.73166847229004
2024-06-17 00:00:00-04:00,2024,Q2,Pfizer Inc.,Healthcare,PFE,26.935577392578125
2024-06-24 00:00:00-04:00,2024,Q2,Pfizer Inc.,Healthcare,PFE,27.16861915588379
2024-07-01 00:00:00-04:00,2024,Q3,Pfizer Inc.,Healthcare,PFE,27.236587524414062
2024-07-08 00:00:00-04:00,2024,Q3,Pfizer Inc.,Healthcare,PFE,28.08135986328125
2024-07-15 00:00:00-04:00,2024,Q3,Pfizer Inc.,Healthcare,PFE,29.100910186767578
2024-07-22 00:00:00-04:00,2024,Q3,Pfizer Inc.,Healthcare,PFE,29.87771224975586
2024-07-29 00:00:00-04:00,2024,Q3,Pfizer Inc.,Healthcare,PFE,29.964574813842773
2024-08-05 00:00:00-04:00,2024,Q3,Pfizer Inc.,Healthcare,PFE,28.113327026367188
2024-08-12 00:00:00-04:00,2024,Q3,Pfizer Inc.,Healthcare,PFE,27.867151260375977
2024-08-19 00:00:00-04:00,2024,Q3,Pfizer Inc.,Healthcare,PFE,28.457975387573242
2024-08-26 00:00:00-04:00,2024,Q3,Pfizer Inc.,Healthcare,PFE,28.566293716430664
2024-09-02 00:00:00-04:00,2024,Q3,Pfizer Inc.,Healthcare,PFE,28.1231746673584
2024-09-09 00:00:00-04:00,2024,Q3,Pfizer Inc.,Healthcare,PFE,28.822317123413086
2024-09-16 00:00:00-04:00,2024,Q3,Pfizer Inc.,Healthcare,PFE,28.970022201538086
2024-09-23 00:00:00-04:00,2024,Q3,Pfizer Inc.,Healthcare,PFE,28.645069122314453
2023-07-31 00:00:00-04:00,2023,Q3,UnitedHealth Group Incorporated,Healthcare,UNH,493.2691345214844
2023-08-07 00:00:00-04:00,2023,Q3,UnitedHealth Group Incorporated,Healthcare,UNH,498.44976806640625
2023-08-14 00:00:00-04:00,2023,Q3,UnitedHealth Group Incorporated,Healthcare,UNH,489.0598449707031
2023-08-21 00:00:00-04:00,2023,Q3,UnitedHealth Group Incorporated,Healthcare,UNH,479.91522216796875
2023-08-28 00:00:00-04:00,2023,Q3,UnitedHealth Group Incorporated,Healthcare,UNH,467.2776184082031
2023-09-04 00:00:00-04:00,2023,Q3,UnitedHealth Group Incorporated,Healthcare,UNH,471.72235107421875
2023-09-11 00:00:00-04:00,2023,Q3,UnitedHealth Group Incorporated,Healthcare,UNH,479.3997802734375
2023-09-18 00:00:00-04:00,2023,Q3,UnitedHealth Group Incorporated,Healthcare,UNH,498.50885009765625
2023-09-25 00:00:00-04:00,2023,Q3,UnitedHealth Group Incorporated,Healthcare,UNH,496.6274719238281
2023-10-02 00:00:00-04:00,2023,Q4,UnitedHealth Group Incorporated,Healthcare,UNH,516.9381713867188
2023-10-09 00:00:00-04:00,2023,Q4,UnitedHealth Group Incorporated,Healthcare,UNH,531.3093872070312
2023-10-16 00:00:00-04:00,2023,Q4,UnitedHealth Group Incorporated,Healthcare,UNH,519.1249389648438
2023-10-23 00:00:00-04:00,2023,Q4,UnitedHealth Group Incorporated,Healthcare,UNH,516.7904663085938
2023-10-30 00:00:00-04:00,2023,Q4,UnitedHealth Group Incorporated,Healthcare,UNH,522.9368286132812
2023-11-06 00:00:00-05:00,2023,Q4,UnitedHealth Group Incorporated,Healthcare,UNH,533.0922241210938
2023-11-13 00:00:00-05:00,2023,Q4,UnitedHealth Group Incorporated,Healthcare,UNH,528.2459106445312
2023-11-20 00:00:00-05:00,2023,Q4,UnitedHealth Group Incorporated,Healthcare,UNH,538.893798828125
2023-11-27 00:00:00-05:00,2023,Q4,UnitedHealth Group Incorporated,Healthcare,UNH,538.9529418945312
2023-12-04 00:00:00-05:00,2023,Q4,UnitedHealth Group Incorporated,Healthcare,UNH,543.3712158203125
2023-12-11 00:00:00-05:00,2023,Q4,UnitedHealth Group Incorporated,Healthcare,UNH,524.938232421875
2023-12-18 00:00:00-05:00,2023,Q4,UnitedHealth Group Incorporated,Healthcare,UNH,514.2540283203125
2023-12-25 00:00:00-05:00,2023,Q4,UnitedHealth Group Incorporated,Healthcare,UNH,520.34228515625
2024-01-01 00:00:00-05:00,2024,Q1,UnitedHealth Group Incorporated,Healthcare,UNH,531.1253662109375
2024-01-08 00:00:00-05:00,2024,Q1,UnitedHealth Group Incorporated,Healthcare,UNH,515.4401245117188
2024-01-15 00:00:00-05:00,2024,Q1,UnitedHealth Group Incorporated,Healthcare,UNH,497.6990051269531
2024-01-22 00:00:00-05:00,2024,Q1,UnitedHealth Group Incorporated,Healthcare,UNH,497.3432312011719
2024-01-29 00:00:00-05:00,2024,Q1,UnitedHealth Group Incorporated,Healthcare,UNH,504.2914123535156
2024-02-05 00:00:00-05:00,2024,Q1,UnitedHealth Group Incorporated,Healthcare,UNH,512.1883544921875
2024-02-12 00:00:00-05:00,2024,Q1,UnitedHealth Group Incorporated,Healthcare,UNH,515.4796142578125
2024-02-19 00:00:00-05:00,2024,Q1,UnitedHealth Group Incorporated,Healthcare,UNH,521.1033935546875
2024-02-26 00:00:00-05:00,2024,Q1,UnitedHealth Group Incorporated,Healthcare,UNH,483.8323059082031
2024-03-04 00:00:00-05:00,2024,Q1,UnitedHealth Group Incorporated,Healthcare,UNH,471.023193359375
2024-03-11 00:00:00-04:00,2024,Q1,UnitedHealth Group Incorporated,Healthcare,UNH,487.0196533203125
2024-03-18 00:00:00-04:00,2024,Q1,UnitedHealth Group Incorporated,Healthcare,UNH,486.27545166015625
2024-03-25 00:00:00-04:00,2024,Q1,UnitedHealth Group Incorporated,Healthcare,UNH,490.86962890625
2024-04-01 00:00:00-04:00,2024,Q2,UnitedHealth Group Incorporated,Healthcare,UNH,452.2112731933594
2024-04-08 00:00:00-04:00,2024,Q2,UnitedHealth Group Incorporated,Healthcare,UNH,435.7993469238281
2024-04-15 00:00:00-04:00,2024,Q2,UnitedHealth Group Incorporated,Healthcare,UNH,497.2498474121094
2024-04-22 00:00:00-04:00,2024,Q2,UnitedHealth Group Incorporated,Healthcare,UNH,491.51458740234375
2024-04-29 00:00:00-04:00,2024,Q2,UnitedHealth Group Incorporated,Healthcare,UNH,488.6370544433594
2024-05-06 00:00:00-04:00,2024,Q2,UnitedHealth Group Incorporated,Healthcare,UNH,508.8393859863281
2024-05-13 00:00:00-04:00,2024,Q2,UnitedHealth Group Incorporated,Healthcare,UNH,520.56787109375
2024-05-20 00:00:00-04:00,2024,Q2,UnitedHealth Group Incorporated,Healthcare,UNH,504.2353210449219
2024-05-27 00:00:00-04:00,2024,Q2,UnitedHealth Group Incorporated,Healthcare,UNH,491.5343933105469
2024-06-03 00:00:00-04:00,2024,Q2,UnitedHealth Group Incorporated,Healthcare,UNH,486.8906555175781
2024-06-10 00:00:00-04:00,2024,Q2,UnitedHealth Group Incorporated,Healthcare,UNH,493.2708740234375
2024-06-17 00:00:00-04:00,2024,Q2,UnitedHealth Group Incorporated,Healthcare,UNH,478.8533630371094
2024-06-24 00:00:00-04:00,2024,Q2,UnitedHealth Group Incorporated,Healthcare,UNH,507.4605712890625
2024-07-01 00:00:00-04:00,2024,Q3,UnitedHealth Group Incorporated,Healthcare,UNH,486.2856750488281
2024-07-08 00:00:00-04:00,2024,Q3,UnitedHealth Group Incorporated,Healthcare,UNH,509.7225341796875
2024-07-15 00:00:00-04:00,2024,Q3,UnitedHealth Group Incorporated,Healthcare,UNH,563.3324584960938
2024-07-22 00:00:00-04:00,2024,Q3,UnitedHealth Group Incorporated,Healthcare,UNH,567.7069091796875
2024-07-29 00:00:00-04:00,2024,Q3,UnitedHealth Group Incorporated,Healthcare,UNH,587.7459106445312
2024-08-05 00:00:00-04:00,2024,Q3,UnitedHealth Group Incorporated,Healthcare,UNH,556.78564453125
2024-08-12 00:00:00-04:00,2024,Q3,UnitedHealth Group Incorporated,Healthcare,UNH,575.6387939453125
2024-08-19 00:00:00-04:00,2024,Q3,UnitedHealth Group Incorporated,Healthcare,UNH,582.4447021484375
2024-08-26 00:00:00-04:00,2024,Q3,UnitedHealth Group Incorporated,Healthcare,UNH,588.1145629882812
2024-09-02 00:00:00-04:00,2024,Q3,UnitedHealth Group Incorporated,Healthcare,UNH,594.77099609375
2024-09-09 00:00:00-04:00,2024,Q3,UnitedHealth Group Incorporated,Healthcare,UNH,592.2200317382812
2024-09-16 00:00:00-04:00,2024,Q3,UnitedHealth Group Incorporated,Healthcare,UNH,572.96826171875
2024-09-23 00:00:00-04:00,2024,Q3,UnitedHealth Group Incorporated,Healthcare,UNH,581.8499755859375
2023-07-31 00:00:00-04:00,2023,Q3,"Merck & Co., Inc.",Healthcare,MRK,101.59510803222656
2023-08-07 00:00:00-04:00,2023,Q3,"Merck & Co., Inc.",Healthcare,MRK,103.95598602294922
2023-08-14 00:00:00-04:00,2023,Q3,"Merck & Co., Inc.",Healthcare,MRK,105.65890502929688
2023-08-21 00:00:00-04:00,2023,Q3,"Merck & Co., Inc.",Healthcare,MRK,106.63616180419922
2023-08-28 00:00:00-04:00,2023,Q3,"Merck & Co., Inc.",Healthcare,MRK,106.27816009521484
2023-09-04 00:00:00-04:00,2023,Q3,"Merck & Co., Inc.",Healthcare,MRK,105.51377868652344
2023-09-11 00:00:00-04:00,2023,Q3,"Merck & Co., Inc.",Healthcare,MRK,104.03338623046875
2023-09-18 00:00:00-04:00,2023,Q3,"Merck & Co., Inc.",Healthcare,MRK,103.59310150146484
2023-09-25 00:00:00-04:00,2023,Q3,"Merck & Co., Inc.",Healthcare,MRK,100.2906723022461
2023-10-02 00:00:00-04:00,2023,Q4,"Merck & Co., Inc.",Healthcare,MRK,101.19664001464844
2023-10-09 00:00:00-04:00,2023,Q4,"Merck & Co., Inc.",Healthcare,MRK,101.32329559326172
2023-10-16 00:00:00-04:00,2023,Q4,"Merck & Co., Inc.",Healthcare,MRK,100.01790618896484
2023-10-23 00:00:00-04:00,2023,Q4,"Merck & Co., Inc.",Healthcare,MRK,100.16403198242188
2023-10-30 00:00:00-04:00,2023,Q4,"Merck & Co., Inc.",Healthcare,MRK,100.70955657958984
2023-11-06 00:00:00-05:00,2023,Q4,"Merck & Co., Inc.",Healthcare,MRK,98.7709732055664
2023-11-13 00:00:00-05:00,2023,Q4,"Merck & Co., Inc.",Healthcare,MRK,99.12167358398438
2023-11-20 00:00:00-05:00,2023,Q4,"Merck & Co., Inc.",Healthcare,MRK,99.23857116699219
2023-11-27 00:00:00-05:00,2023,Q4,"Merck & Co., Inc.",Healthcare,MRK,100.78749084472656
2023-12-04 00:00:00-05:00,2023,Q4,"Merck & Co., Inc.",Healthcare,MRK,101.07001495361328
2023-12-11 00:00:00-05:00,2023,Q4,"Merck & Co., Inc.",Healthcare,MRK,102.39488220214844
2023-12-18 00:00:00-05:00,2023,Q4,"Merck & Co., Inc.",Healthcare,MRK,105.67767333984375
2023-12-25 00:00:00-05:00,2023,Q4,"Merck & Co., Inc.",Healthcare,MRK,106.97288513183594
2024-01-01 00:00:00-05:00,2024,Q1,"Merck & Co., Inc.",Healthcare,MRK,115.01891326904297
2024-01-08 00:00:00-05:00,2024,Q1,"Merck & Co., Inc.",Healthcare,MRK,116.40243530273438
2024-01-15 00:00:00-05:00,2024,Q1,"Merck & Co., Inc.",Healthcare,MRK,116.65755462646484
2024-01-22 00:00:00-05:00,2024,Q1,"Merck & Co., Inc.",Healthcare,MRK,118.55131530761719
2024-01-29 00:00:00-05:00,2024,Q1,"Merck & Co., Inc.",Healthcare,MRK,124.0363540649414
2024-02-05 00:00:00-05:00,2024,Q1,"Merck & Co., Inc.",Healthcare,MRK,123.09437561035156
2024-02-12 00:00:00-05:00,2024,Q1,"Merck & Co., Inc.",Healthcare,MRK,125.39043426513672
2024-02-19 00:00:00-05:00,2024,Q1,"Merck & Co., Inc.",Healthcare,MRK,127.0192642211914
2024-02-26 00:00:00-05:00,2024,Q1,"Merck & Co., Inc.",Healthcare,MRK,124.57601928710938
2024-03-04 00:00:00-05:00,2024,Q1,"Merck & Co., Inc.",Healthcare,MRK,121.18099212646484
2024-03-11 00:00:00-04:00,2024,Q1,"Merck & Co., Inc.",Healthcare,MRK,119.23817443847656
2024-03-18 00:00:00-04:00,2024,Q1,"Merck & Co., Inc.",Healthcare,MRK,122.2952651977539
2024-03-25 00:00:00-04:00,2024,Q1,"Merck & Co., Inc.",Healthcare,MRK,130.2935791015625
2024-04-01 00:00:00-04:00,2024,Q2,"Merck & Co., Inc.",Healthcare,MRK,126.38330078125
2024-04-08 00:00:00-04:00,2024,Q2,"Merck & Co., Inc.",Healthcare,MRK,124.16154479980469
2024-04-15 00:00:00-04:00,2024,Q2,"Merck & Co., Inc.",Healthcare,MRK,124.20104217529297
2024-04-22 00:00:00-04:00,2024,Q2,"Merck & Co., Inc.",Healthcare,MRK,129.55300903320312
2024-04-29 00:00:00-04:00,2024,Q2,"Merck & Co., Inc.",Healthcare,MRK,125.9093246459961
2024-05-06 00:00:00-04:00,2024,Q2,"Merck & Co., Inc.",Healthcare,MRK,128.42730712890625
2024-05-13 00:00:00-04:00,2024,Q2,"Merck & Co., Inc.",Healthcare,MRK,129.5431365966797
2024-05-20 00:00:00-04:00,2024,Q2,"Merck & Co., Inc.",Healthcare,MRK,127.8644790649414
2024-05-27 00:00:00-04:00,2024,Q2,"Merck & Co., Inc.",Healthcare,MRK,123.96405792236328
2024-06-03 00:00:00-04:00,2024,Q2,"Merck & Co., Inc.",Healthcare,MRK,129.0296630859375
2024-06-10 00:00:00-04:00,2024,Q2,"Merck & Co., Inc.",Healthcare,MRK,127.8545913696289
2024-06-17 00:00:00-04:00,2024,Q2,"Merck & Co., Inc.",Healthcare,MRK,129.07904052734375
2024-06-24 00:00:00-04:00,2024,Q2,"Merck & Co., Inc.",Healthcare,MRK,122.97723388671875
2024-07-01 00:00:00-04:00,2024,Q3,"Merck & Co., Inc.",Healthcare,MRK,125.60961151123047
2024-07-08 00:00:00-04:00,2024,Q3,"Merck & Co., Inc.",Healthcare,MRK,126.9109115600586
2024-07-15 00:00:00-04:00,2024,Q3,"Merck & Co., Inc.",Healthcare,MRK,124.93413543701172
2024-07-22 00:00:00-04:00,2024,Q3,"Merck & Co., Inc.",Healthcare,MRK,124.42752838134766
2024-07-29 00:00:00-04:00,2024,Q3,"Merck & Co., Inc.",Healthcare,MRK,114.43437957763672
2024-08-05 00:00:00-04:00,2024,Q3,"Merck & Co., Inc.",Healthcare,MRK,113.78870391845703
2024-08-12 00:00:00-04:00,2024,Q3,"Merck & Co., Inc.",Healthcare,MRK,112.91455078125
2024-08-19 00:00:00-04:00,2024,Q3,"Merck & Co., Inc.",Healthcare,MRK,115.82508087158203
2024-08-26 00:00:00-04:00,2024,Q3,"Merck & Co., Inc.",Healthcare,MRK,117.66278076171875
2024-09-02 00:00:00-04:00,2024,Q3,"Merck & Co., Inc.",Healthcare,MRK,117.05683135986328
2024-09-09 00:00:00-04:00,2024,Q3,"Merck & Co., Inc.",Healthcare,MRK,115.08999633789062
2024-09-16 00:00:00-04:00,2024,Q3,"Merck & Co., Inc.",Healthcare,MRK,116.39128875732422
2024-09-23 00:00:00-04:00,2024,Q3,"Merck & Co., Inc.",Healthcare,MRK,113.69000244140625
2023-07-31 00:00:00-04:00,2023,Q3,AbbVie Inc.,Healthcare,ABBV,141.1077423095703
2023-08-07 00:00:00-04:00,2023,Q3,AbbVie Inc.,Healthcare,ABBV,145.35826110839844
2023-08-14 00:00:00-04:00,2023,Q3,AbbVie Inc.,Healthcare,ABBV,143.4097137451172
2023-08-21 00:00:00-04:00,2023,Q3,AbbVie Inc.,Healthcare,ABBV,140.11436462402344
2023-08-28 00:00:00-04:00,2023,Q3,AbbVie Inc.,Healthcare,ABBV,141.55667114257812
2023-09-04 00:00:00-04:00,2023,Q3,AbbVie Inc.,Healthcare,ABBV,142.33993530273438
2023-09-11 00:00:00-04:00,2023,Q3,AbbVie Inc.,Healthcare,ABBV,145.30093383789062
2023-09-18 00:00:00-04:00,2023,Q3,AbbVie Inc.,Healthcare,ABBV,145.8931884765625
2023-09-25 00:00:00-04:00,2023,Q3,AbbVie Inc.,Healthcare,ABBV,142.37811279296875
2023-10-02 00:00:00-04:00,2023,Q4,AbbVie Inc.,Healthcare,ABBV,141.59490966796875
2023-10-09 00:00:00-04:00,2023,Q4,AbbVie Inc.,Healthcare,ABBV,141.3274383544922
2023-10-16 00:00:00-04:00,2023,Q4,AbbVie Inc.,Healthcare,ABBV,141.07305908203125
2023-10-23 00:00:00-04:00,2023,Q4,AbbVie Inc.,Healthcare,ABBV,134.03050231933594
2023-10-30 00:00:00-04:00,2023,Q4,AbbVie Inc.,Healthcare,ABBV,136.43267822265625
2023-11-06 00:00:00-05:00,2023,Q4,AbbVie Inc.,Healthcare,ABBV,133.70249938964844
2023-11-13 00:00:00-05:00,2023,Q4,AbbVie Inc.,Healthcare,ABBV,133.4227294921875
2023-11-20 00:00:00-05:00,2023,Q4,AbbVie Inc.,Healthcare,ABBV,133.77967834472656
2023-11-27 00:00:00-05:00,2023,Q4,AbbVie Inc.,Healthcare,ABBV,138.35252380371094
2023-12-04 00:00:00-05:00,2023,Q4,AbbVie Inc.,Healthcare,ABBV,144.0155029296875
2023-12-11 00:00:00-05:00,2023,Q4,AbbVie Inc.,Healthcare,ABBV,148.6076202392578
2023-12-18 00:00:00-05:00,2023,Q4,AbbVie Inc.,Healthcare,ABBV,149.47589111328125
2023-12-25 00:00:00-05:00,2023,Q4,AbbVie Inc.,Healthcare,ABBV,149.50482177734375
2024-01-01 00:00:00-05:00,2024,Q1,AbbVie Inc.,Healthcare,ABBV,156.42196655273438
2024-01-08 00:00:00-05:00,2024,Q1,AbbVie Inc.,Healthcare,ABBV,156.6728057861328
2024-01-15 00:00:00-05:00,2024,Q1,AbbVie Inc.,Healthcare,ABBV,160.47796630859375
2024-01-22 00:00:00-05:00,2024,Q1,AbbVie Inc.,Healthcare,ABBV,160.1175994873047
2024-01-29 00:00:00-05:00,2024,Q1,AbbVie Inc.,Healthcare,ABBV,164.27638244628906
2024-02-05 00:00:00-05:00,2024,Q1,AbbVie Inc.,Healthcare,ABBV,169.5454559326172
2024-02-12 00:00:00-05:00,2024,Q1,AbbVie Inc.,Healthcare,ABBV,172.86663818359375
2024-02-19 00:00:00-05:00,2024,Q1,AbbVie Inc.,Healthcare,ABBV,173.45101928710938
2024-02-26 00:00:00-05:00,2024,Q1,AbbVie Inc.,Healthcare,ABBV,174.24964904785156
2024-03-04 00:00:00-05:00,2024,Q1,AbbVie Inc.,Healthcare,ABBV,174.19122314453125
2024-03-11 00:00:00-04:00,2024,Q1,AbbVie Inc.,Healthcare,ABBV,173.24649047851562
2024-03-18 00:00:00-04:00,2024,Q1,AbbVie Inc.,Healthcare,ABBV,173.8016357421875
2024-03-25 00:00:00-04:00,2024,Q1,AbbVie Inc.,Healthcare,ABBV,177.3565673828125
2024-04-01 00:00:00-04:00,2024,Q2,AbbVie Inc.,Healthcare,ABBV,165.57174682617188
2024-04-08 00:00:00-04:00,2024,Q2,AbbVie Inc.,Healthcare,ABBV,158.05282592773438
2024-04-15 00:00:00-04:00,2024,Q2,AbbVie Inc.,Healthcare,ABBV,163.58888244628906
2024-04-22 00:00:00-04:00,2024,Q2,AbbVie Inc.,Healthcare,ABBV,156.9139862060547
2024-04-29 00:00:00-04:00,2024,Q2,AbbVie Inc.,Healthcare,ABBV,161.01329040527344
2024-05-06 00:00:00-04:00,2024,Q2,AbbVie Inc.,Healthcare,ABBV,158.0248260498047
2024-05-13 00:00:00-04:00,2024,Q2,AbbVie Inc.,Healthcare,ABBV,163.59872436523438
2024-05-20 00:00:00-04:00,2024,Q2,AbbVie Inc.,Healthcare,ABBV,154.3973846435547
2024-05-27 00:00:00-04:00,2024,Q2,AbbVie Inc.,Healthcare,ABBV,158.50653076171875
2024-06-03 00:00:00-04:00,2024,Q2,AbbVie Inc.,Healthcare,ABBV,166.5478515625
2024-06-10 00:00:00-04:00,2024,Q2,AbbVie Inc.,Healthcare,ABBV,165.73191833496094
2024-06-17 00:00:00-04:00,2024,Q2,AbbVie Inc.,Healthcare,ABBV,167.50140380859375
2024-06-24 00:00:00-04:00,2024,Q2,AbbVie Inc.,Healthcare,ABBV,168.6122589111328
2024-07-01 00:00:00-04:00,2024,Q3,AbbVie Inc.,Healthcare,ABBV,164.41464233398438
2024-07-08 00:00:00-04:00,2024,Q3,AbbVie Inc.,Healthcare,ABBV,167.3932647705078
2024-07-15 00:00:00-04:00,2024,Q3,AbbVie Inc.,Healthcare,ABBV,169.39869689941406
2024-07-22 00:00:00-04:00,2024,Q3,AbbVie Inc.,Healthcare,ABBV,183.693115234375
2024-07-29 00:00:00-04:00,2024,Q3,AbbVie Inc.,Healthcare,ABBV,187.79039001464844
2024-08-05 00:00:00-04:00,2024,Q3,AbbVie Inc.,Healthcare,ABBV,188.42530822753906
2024-08-12 00:00:00-04:00,2024,Q3,AbbVie Inc.,Healthcare,ABBV,192.36386108398438
2024-08-19 00:00:00-04:00,2024,Q3,AbbVie Inc.,Healthcare,ABBV,195.98495483398438
2024-08-26 00:00:00-04:00,2024,Q3,AbbVie Inc.,Healthcare,ABBV,194.75477600097656
2024-09-02 00:00:00-04:00,2024,Q3,AbbVie Inc.,Healthcare,ABBV,191.86782836914062
2024-09-09 00:00:00-04:00,2024,Q3,AbbVie Inc.,Healthcare,ABBV,192.67141723632812
2024-09-16 00:00:00-04:00,2024,Q3,AbbVie Inc.,Healthcare,ABBV,191.93727111816406
2024-09-23 00:00:00-04:00,2024,Q3,AbbVie Inc.,Healthcare,ABBV,193.24681091308594
2023-07-31 00:00:00-04:00,2023,Q3,"Prologis,Inc.",Real Estate,PLD,117.82855224609375
2023-08-07 00:00:00-04:00,2023,Q3,"Prologis,Inc.",Real Estate,PLD,119.052734375
2023-08-14 00:00:00-04:00,2023,Q3,"Prologis,Inc.",Real Estate,PLD,117.08634185791016
2023-08-21 00:00:00-04:00,2023,Q3,"Prologis,Inc.",Real Estate,PLD,118.23340606689453
2023-08-28 00:00:00-04:00,2023,Q3,"Prologis,Inc.",Real Estate,PLD,120.09375
2023-09-04 00:00:00-04:00,2023,Q3,"Prologis,Inc.",Real Estate,PLD,118.05989074707031
2023-09-11 00:00:00-04:00,2023,Q3,"Prologis,Inc.",Real Estate,PLD,118.7346420288086
2023-09-18 00:00:00-04:00,2023,Q3,"Prologis,Inc.",Real Estate,PLD,110.72822570800781
2023-09-25 00:00:00-04:00,2023,Q3,"Prologis,Inc.",Real Estate,PLD,108.9227066040039
2023-10-02 00:00:00-04:00,2023,Q4,"Prologis,Inc.",Real Estate,PLD,105.71939849853516
2023-10-09 00:00:00-04:00,2023,Q4,"Prologis,Inc.",Real Estate,PLD,106.43771362304688
2023-10-16 00:00:00-04:00,2023,Q4,"Prologis,Inc.",Real Estate,PLD,99.42922973632812
2023-10-23 00:00:00-04:00,2023,Q4,"Prologis,Inc.",Real Estate,PLD,94.46892547607422
2023-10-30 00:00:00-04:00,2023,Q4,"Prologis,Inc.",Real Estate,PLD,103.42853546142578
2023-11-06 00:00:00-05:00,2023,Q4,"Prologis,Inc.",Real Estate,PLD,101.48712921142578
2023-11-13 00:00:00-05:00,2023,Q4,"Prologis,Inc.",Real Estate,PLD,106.84539794921875
2023-11-20 00:00:00-05:00,2023,Q4,"Prologis,Inc.",Real Estate,PLD,108.71886444091797
2023-11-27 00:00:00-05:00,2023,Q4,"Prologis,Inc.",Real Estate,PLD,114.79547119140625
2023-12-04 00:00:00-05:00,2023,Q4,"Prologis,Inc.",Real Estate,PLD,116.3388900756836
2023-12-11 00:00:00-05:00,2023,Q4,"Prologis,Inc.",Real Estate,PLD,130.32672119140625
2023-12-18 00:00:00-05:00,2023,Q4,"Prologis,Inc.",Real Estate,PLD,129.3418731689453
2023-12-25 00:00:00-05:00,2023,Q4,"Prologis,Inc.",Real Estate,PLD,130.22108459472656
2024-01-01 00:00:00-05:00,2024,Q1,"Prologis,Inc.",Real Estate,PLD,127.54437255859375
2024-01-08 00:00:00-05:00,2024,Q1,"Prologis,Inc.",Real Estate,PLD,128.5115203857422
2024-01-15 00:00:00-05:00,2024,Q1,"Prologis,Inc.",Real Estate,PLD,125.47335052490234
2024-01-22 00:00:00-05:00,2024,Q1,"Prologis,Inc.",Real Estate,PLD,123.93960571289062
2024-01-29 00:00:00-05:00,2024,Q1,"Prologis,Inc.",Real Estate,PLD,126.26463317871094
2024-02-05 00:00:00-05:00,2024,Q1,"Prologis,Inc.",Real Estate,PLD,129.42002868652344
2024-02-12 00:00:00-05:00,2024,Q1,"Prologis,Inc.",Real Estate,PLD,130.3090057373047
2024-02-19 00:00:00-05:00,2024,Q1,"Prologis,Inc.",Real Estate,PLD,130.1331787109375
2024-02-26 00:00:00-05:00,2024,Q1,"Prologis,Inc.",Real Estate,PLD,131.49107360839844
2024-03-04 00:00:00-05:00,2024,Q1,"Prologis,Inc.",Real Estate,PLD,131.95022583007812
2024-03-11 00:00:00-04:00,2024,Q1,"Prologis,Inc.",Real Estate,PLD,126.03996276855469
2024-03-18 00:00:00-04:00,2024,Q1,"Prologis,Inc.",Real Estate,PLD,126.57855224609375
2024-03-25 00:00:00-04:00,2024,Q1,"Prologis,Inc.",Real Estate,PLD,128.15316772460938
2024-04-01 00:00:00-04:00,2024,Q2,"Prologis,Inc.",Real Estate,PLD,122.76013946533203
2024-04-08 00:00:00-04:00,2024,Q2,"Prologis,Inc.",Real Estate,PLD,117.11124420166016
2024-04-15 00:00:00-04:00,2024,Q2,"Prologis,Inc.",Real Estate,PLD,101.84741973876953
2024-04-22 00:00:00-04:00,2024,Q2,"Prologis,Inc.",Real Estate,PLD,102.40837097167969
2024-04-29 00:00:00-04:00,2024,Q2,"Prologis,Inc.",Real Estate,PLD,104.2093276977539
2024-05-06 00:00:00-04:00,2024,Q2,"Prologis,Inc.",Real Estate,PLD,105.783935546875
2024-05-13 00:00:00-04:00,2024,Q2,"Prologis,Inc.",Real Estate,PLD,109.73028564453125
2024-05-20 00:00:00-04:00,2024,Q2,"Prologis,Inc.",Real Estate,PLD,103.08741760253906
2024-05-27 00:00:00-04:00,2024,Q2,"Prologis,Inc.",Real Estate,PLD,108.73631286621094
2024-06-03 00:00:00-04:00,2024,Q2,"Prologis,Inc.",Real Estate,PLD,108.45092010498047
2024-06-10 00:00:00-04:00,2024,Q2,"Prologis,Inc.",Real Estate,PLD,110.50775146484375
2024-06-17 00:00:00-04:00,2024,Q2,"Prologis,Inc.",Real Estate,PLD,107.66361999511719
2024-06-24 00:00:00-04:00,2024,Q2,"Prologis,Inc.",Real Estate,PLD,111.48050689697266
2024-07-01 00:00:00-04:00,2024,Q3,"Prologis,Inc.",Real Estate,PLD,113.61463165283203
2024-07-08 00:00:00-04:00,2024,Q3,"Prologis,Inc.",Real Estate,PLD,119.26260375976562
2024-07-15 00:00:00-04:00,2024,Q3,"Prologis,Inc.",Real Estate,PLD,122.83601379394531
2024-07-22 00:00:00-04:00,2024,Q3,"Prologis,Inc.",Real Estate,PLD,121.77391815185547
2024-07-29 00:00:00-04:00,2024,Q3,"Prologis,Inc.",Real Estate,PLD,123.06432342529297
2024-08-05 00:00:00-04:00,2024,Q3,"Prologis,Inc.",Real Estate,PLD,120.99967956542969
2024-08-12 00:00:00-04:00,2024,Q3,"Prologis,Inc.",Real Estate,PLD,121.94266510009766
2024-08-19 00:00:00-04:00,2024,Q3,"Prologis,Inc.",Real Estate,PLD,127.90827178955078
2024-08-26 00:00:00-04:00,2024,Q3,"Prologis,Inc.",Real Estate,PLD,126.8759536743164
2024-09-02 00:00:00-04:00,2024,Q3,"Prologis,Inc.",Real Estate,PLD,126.29031372070312
2024-09-09 00:00:00-04:00,2024,Q3,"Prologis,Inc.",Real Estate,PLD,129.02000427246094
2024-09-16 00:00:00-04:00,2024,Q3,"Prologis,Inc.",Real Estate,PLD,124.5433120727539
2024-09-23 00:00:00-04:00,2024,Q3,"Prologis,Inc.",Real Estate,PLD,125.58999633789062
2023-07-31 00:00:00-04:00,2023,Q3,American Tower Corporation,Real Estate,AMT,178.387939453125
2023-08-07 00:00:00-04:00,2023,Q3,American Tower Corporation,Real Estate,AMT,180.6470947265625
2023-08-14 00:00:00-04:00,2023,Q3,American Tower Corporation,Real Estate,AMT,170.35531616210938
2023-08-21 00:00:00-04:00,2023,Q3,American Tower Corporation,Real Estate,AMT,171.3979949951172
2023-08-28 00:00:00-04:00,2023,Q3,American Tower Corporation,Real Estate,AMT,174.54539489746094
2023-09-04 00:00:00-04:00,2023,Q3,American Tower Corporation,Real Estate,AMT,174.64195251464844
2023-09-11 00:00:00-04:00,2023,Q3,American Tower Corporation,Real Estate,AMT,173.9178466796875
2023-09-18 00:00:00-04:00,2023,Q3,American Tower Corporation,Real Estate,AMT,160.46900939941406
2023-09-25 00:00:00-04:00,2023,Q3,American Tower Corporation,Real Estate,AMT,158.76979064941406
2023-10-02 00:00:00-04:00,2023,Q4,American Tower Corporation,Real Estate,AMT,154.05836486816406
2023-10-09 00:00:00-04:00,2023,Q4,American Tower Corporation,Real Estate,AMT,161.19309997558594
2023-10-16 00:00:00-04:00,2023,Q4,American Tower Corporation,Real Estate,AMT,156.1214141845703
2023-10-23 00:00:00-04:00,2023,Q4,American Tower Corporation,Real Estate,AMT,167.72642517089844
2023-10-30 00:00:00-04:00,2023,Q4,American Tower Corporation,Real Estate,AMT,185.8458251953125
2023-11-06 00:00:00-05:00,2023,Q4,American Tower Corporation,Real Estate,AMT,179.23388671875
2023-11-13 00:00:00-05:00,2023,Q4,American Tower Corporation,Real Estate,AMT,192.8380889892578
2023-11-20 00:00:00-05:00,2023,Q4,American Tower Corporation,Real Estate,AMT,194.37892150878906
2023-11-27 00:00:00-05:00,2023,Q4,American Tower Corporation,Real Estate,AMT,205.25250244140625
2023-12-04 00:00:00-05:00,2023,Q4,American Tower Corporation,Real Estate,AMT,201.3321533203125
2023-12-11 00:00:00-05:00,2023,Q4,American Tower Corporation,Real Estate,AMT,206.89083862304688
2023-12-18 00:00:00-05:00,2023,Q4,American Tower Corporation,Real Estate,AMT,209.85548400878906
2023-12-25 00:00:00-05:00,2023,Q4,American Tower Corporation,Real Estate,AMT,210.5283966064453
2024-01-01 00:00:00-05:00,2024,Q1,American Tower Corporation,Real Estate,AMT,210.62388610839844
2024-01-08 00:00:00-05:00,2024,Q1,American Tower Corporation,Real Estate,AMT,205.8566436767578
2024-01-15 00:00:00-05:00,2024,Q1,American Tower Corporation,Real Estate,AMT,200.39151000976562
2024-01-22 00:00:00-05:00,2024,Q1,American Tower Corporation,Real Estate,AMT,193.92376708984375
2024-01-29 00:00:00-05:00,2024,Q1,American Tower Corporation,Real Estate,AMT,190.20828247070312
2024-02-05 00:00:00-05:00,2024,Q1,American Tower Corporation,Real Estate,AMT,191.12240600585938
2024-02-12 00:00:00-05:00,2024,Q1,American Tower Corporation,Real Estate,AMT,183.9371337890625
2024-02-19 00:00:00-05:00,2024,Q1,American Tower Corporation,Real Estate,AMT,186.68936157226562
2024-02-26 00:00:00-05:00,2024,Q1,American Tower Corporation,Real Estate,AMT,198.3175048828125
2024-03-04 00:00:00-05:00,2024,Q1,American Tower Corporation,Real Estate,AMT,203.77281188964844
2024-03-11 00:00:00-04:00,2024,Q1,American Tower Corporation,Real Estate,AMT,193.97293090820312
2024-03-18 00:00:00-04:00,2024,Q1,American Tower Corporation,Real Estate,AMT,189.5005645751953
2024-03-25 00:00:00-04:00,2024,Q1,American Tower Corporation,Real Estate,AMT,194.21865844726562
2024-04-01 00:00:00-04:00,2024,Q2,American Tower Corporation,Real Estate,AMT,186.92527770996094
2024-04-08 00:00:00-04:00,2024,Q2,American Tower Corporation,Real Estate,AMT,176.14242553710938
2024-04-15 00:00:00-04:00,2024,Q2,American Tower Corporation,Real Estate,AMT,169.8897705078125
2024-04-22 00:00:00-04:00,2024,Q2,American Tower Corporation,Real Estate,AMT,170.2765655517578
2024-04-29 00:00:00-04:00,2024,Q2,American Tower Corporation,Real Estate,AMT,180.2438201904297
2024-05-06 00:00:00-04:00,2024,Q2,American Tower Corporation,Real Estate,AMT,182.97119140625
2024-05-13 00:00:00-04:00,2024,Q2,American Tower Corporation,Real Estate,AMT,192.90869140625
2024-05-20 00:00:00-04:00,2024,Q2,American Tower Corporation,Real Estate,AMT,184.39932250976562
2024-05-27 00:00:00-04:00,2024,Q2,American Tower Corporation,Real Estate,AMT,194.12857055664062
2024-06-03 00:00:00-04:00,2024,Q2,American Tower Corporation,Real Estate,AMT,192.66073608398438
2024-06-10 00:00:00-04:00,2024,Q2,American Tower Corporation,Real Estate,AMT,195.40794372558594
2024-06-17 00:00:00-04:00,2024,Q2,American Tower Corporation,Real Estate,AMT,194.85000610351562
2024-06-24 00:00:00-04:00,2024,Q2,American Tower Corporation,Real Estate,AMT,194.3800048828125
2024-07-01 00:00:00-04:00,2024,Q3,American Tower Corporation,Real Estate,AMT,195.63999938964844
2024-07-08 00:00:00-04:00,2024,Q3,American Tower Corporation,Real Estate,AMT,210.61000061035156
2024-07-15 00:00:00-04:00,2024,Q3,American Tower Corporation,Real Estate,AMT,210.13999938964844
2024-07-22 00:00:00-04:00,2024,Q3,American Tower Corporation,Real Estate,AMT,213.72000122070312
2024-07-29 00:00:00-04:00,2024,Q3,American Tower Corporation,Real Estate,AMT,234.63999938964844
2024-08-05 00:00:00-04:00,2024,Q3,American Tower Corporation,Real Estate,AMT,222.58999633789062
2024-08-12 00:00:00-04:00,2024,Q3,American Tower Corporation,Real Estate,AMT,219.85000610351562
2024-08-19 00:00:00-04:00,2024,Q3,American Tower Corporation,Real Estate,AMT,227.0
2024-08-26 00:00:00-04:00,2024,Q3,American Tower Corporation,Real Estate,AMT,224.05999755859375
2024-09-02 00:00:00-04:00,2024,Q3,American Tower Corporation,Real Estate,AMT,236.16000366210938
2024-09-09 00:00:00-04:00,2024,Q3,American Tower Corporation,Real Estate,AMT,238.5
2024-09-16 00:00:00-04:00,2024,Q3,American Tower Corporation,Real Estate,AMT,235.05999755859375
2024-09-23 00:00:00-04:00,2024,Q3,American Tower Corporation,Real Estate,AMT,230.32000732421875
2023-07-31 00:00:00-04:00,2023,Q3,Welltower Inc.,Real Estate,WELL,79.72392272949219
2023-08-07 00:00:00-04:00,2023,Q3,Welltower Inc.,Real Estate,WELL,81.5433120727539
2023-08-14 00:00:00-04:00,2023,Q3,Welltower Inc.,Real Estate,WELL,78.58196258544922
2023-08-21 00:00:00-04:00,2023,Q3,Welltower Inc.,Real Estate,WELL,78.98928833007812
2023-08-28 00:00:00-04:00,2023,Q3,Welltower Inc.,Real Estate,WELL,80.5587387084961
2023-09-04 00:00:00-04:00,2023,Q3,Welltower Inc.,Real Estate,WELL,80.5197525024414
2023-09-11 00:00:00-04:00,2023,Q3,Welltower Inc.,Real Estate,WELL,82.24517822265625
2023-09-18 00:00:00-04:00,2023,Q3,Welltower Inc.,Real Estate,WELL,80.74395751953125
2023-09-25 00:00:00-04:00,2023,Q3,Welltower Inc.,Real Estate,WELL,79.85687255859375
2023-10-02 00:00:00-04:00,2023,Q4,Welltower Inc.,Real Estate,WELL,79.42796325683594
2023-10-09 00:00:00-04:00,2023,Q4,Welltower Inc.,Real Estate,WELL,83.00553131103516
2023-10-16 00:00:00-04:00,2023,Q4,Welltower Inc.,Real Estate,WELL,81.77726745605469
2023-10-23 00:00:00-04:00,2023,Q4,Welltower Inc.,Real Estate,WELL,79.30123138427734
2023-10-30 00:00:00-04:00,2023,Q4,Welltower Inc.,Real Estate,WELL,86.222412109375
2023-11-06 00:00:00-05:00,2023,Q4,Welltower Inc.,Real Estate,WELL,83.81463623046875
2023-11-13 00:00:00-05:00,2023,Q4,Welltower Inc.,Real Estate,WELL,85.2865982055664
2023-11-20 00:00:00-05:00,2023,Q4,Welltower Inc.,Real Estate,WELL,87.9872055053711
2023-11-27 00:00:00-05:00,2023,Q4,Welltower Inc.,Real Estate,WELL,87.83010864257812
2023-12-04 00:00:00-05:00,2023,Q4,Welltower Inc.,Real Estate,WELL,86.12181091308594
2023-12-11 00:00:00-05:00,2023,Q4,Welltower Inc.,Real Estate,WELL,89.13587951660156
2023-12-18 00:00:00-05:00,2023,Q4,Welltower Inc.,Real Estate,WELL,88.32099914550781
2023-12-25 00:00:00-05:00,2023,Q4,Welltower Inc.,Real Estate,WELL,88.52717590332031
2024-01-01 00:00:00-05:00,2024,Q1,Welltower Inc.,Real Estate,WELL,86.90724182128906
2024-01-08 00:00:00-05:00,2024,Q1,Welltower Inc.,Real Estate,WELL,90.25511169433594
2024-01-15 00:00:00-05:00,2024,Q1,Welltower Inc.,Real Estate,WELL,88.21299743652344
2024-01-22 00:00:00-05:00,2024,Q1,Welltower Inc.,Real Estate,WELL,85.79782104492188
2024-01-29 00:00:00-05:00,2024,Q1,Welltower Inc.,Real Estate,WELL,86.32798767089844
2024-02-05 00:00:00-05:00,2024,Q1,Welltower Inc.,Real Estate,WELL,86.06291198730469
2024-02-12 00:00:00-05:00,2024,Q1,Welltower Inc.,Real Estate,WELL,91.43324279785156
2024-02-19 00:00:00-05:00,2024,Q1,Welltower Inc.,Real Estate,WELL,91.70814514160156
2024-02-26 00:00:00-05:00,2024,Q1,Welltower Inc.,Real Estate,WELL,91.62371826171875
2024-03-04 00:00:00-05:00,2024,Q1,Welltower Inc.,Real Estate,WELL,90.91223907470703
2024-03-11 00:00:00-04:00,2024,Q1,Welltower Inc.,Real Estate,WELL,90.2699203491211
2024-03-18 00:00:00-04:00,2024,Q1,Welltower Inc.,Real Estate,WELL,90.99128723144531
2024-03-25 00:00:00-04:00,2024,Q1,Welltower Inc.,Real Estate,WELL,92.33521270751953
2024-04-01 00:00:00-04:00,2024,Q2,Welltower Inc.,Real Estate,WELL,90.6750717163086
2024-04-08 00:00:00-04:00,2024,Q2,Welltower Inc.,Real Estate,WELL,88.72836303710938
2024-04-15 00:00:00-04:00,2024,Q2,Welltower Inc.,Real Estate,WELL,90.24027252197266
2024-04-22 00:00:00-04:00,2024,Q2,Welltower Inc.,Real Estate,WELL,93.22456359863281
2024-04-29 00:00:00-04:00,2024,Q2,Welltower Inc.,Real Estate,WELL,94.67718505859375
2024-05-06 00:00:00-04:00,2024,Q2,Welltower Inc.,Real Estate,WELL,97.66148376464844
2024-05-13 00:00:00-04:00,2024,Q2,Welltower Inc.,Real Estate,WELL,100.71194458007812
2024-05-20 00:00:00-04:00,2024,Q2,Welltower Inc.,Real Estate,WELL,100.29434204101562
2024-05-27 00:00:00-04:00,2024,Q2,Welltower Inc.,Real Estate,WELL,103.07835388183594
2024-06-03 00:00:00-04:00,2024,Q2,Welltower Inc.,Real Estate,WELL,103.21755981445312
2024-06-10 00:00:00-04:00,2024,Q2,Welltower Inc.,Real Estate,WELL,103.44625091552734
2024-06-17 00:00:00-04:00,2024,Q2,Welltower Inc.,Real Estate,WELL,101.7360610961914
2024-06-24 00:00:00-04:00,2024,Q2,Welltower Inc.,Real Estate,WELL,103.6550521850586
2024-07-01 00:00:00-04:00,2024,Q3,Welltower Inc.,Real Estate,WELL,105.87232208251953
2024-07-08 00:00:00-04:00,2024,Q3,Welltower Inc.,Real Estate,WELL,103.60533142089844
2024-07-15 00:00:00-04:00,2024,Q3,Welltower Inc.,Real Estate,WELL,106.7970199584961
2024-07-22 00:00:00-04:00,2024,Q3,Welltower Inc.,Real Estate,WELL,109.15348815917969
2024-07-29 00:00:00-04:00,2024,Q3,Welltower Inc.,Real Estate,WELL,112.11648559570312
2024-08-05 00:00:00-04:00,2024,Q3,Welltower Inc.,Real Estate,WELL,116.7300033569336
2024-08-12 00:00:00-04:00,2024,Q3,Welltower Inc.,Real Estate,WELL,115.2584457397461
2024-08-19 00:00:00-04:00,2024,Q3,Welltower Inc.,Real Estate,WELL,119.37000274658203
2024-08-26 00:00:00-04:00,2024,Q3,Welltower Inc.,Real Estate,WELL,120.68000030517578
2024-09-02 00:00:00-04:00,2024,Q3,Welltower Inc.,Real Estate,WELL,124.5999984741211
2024-09-09 00:00:00-04:00,2024,Q3,Welltower Inc.,Real Estate,WELL,129.75
2024-09-16 00:00:00-04:00,2024,Q3,Welltower Inc.,Real Estate,WELL,125.2699966430664
2024-09-23 00:00:00-04:00,2024,Q3,Welltower Inc.,Real Estate,WELL,127.19999694824219
2023-07-31 00:00:00-04:00,2023,Q3,"Digital Realty Trust, Inc.",Real Estate,DLR,114.92819213867188
2023-08-07 00:00:00-04:00,2023,Q3,"Digital Realty Trust, Inc.",Real Estate,DLR,115.28266906738281
2023-08-14 00:00:00-04:00,2023,Q3,"Digital Realty Trust, Inc.",Real Estate,DLR,116.25031280517578
2023-08-21 00:00:00-04:00,2023,Q3,"Digital Realty Trust, Inc.",Real Estate,DLR,120.66693115234375
2023-08-28 00:00:00-04:00,2023,Q3,"Digital Realty Trust, Inc.",Real Estate,DLR,126.56854248046875
2023-09-04 00:00:00-04:00,2023,Q3,"Digital Realty Trust, Inc.",Real Estate,DLR,124.52788543701172
2023-09-11 00:00:00-04:00,2023,Q3,"Digital Realty Trust, Inc.",Real Estate,DLR,123.34947967529297
2023-09-18 00:00:00-04:00,2023,Q3,"Digital Realty Trust, Inc.",Real Estate,DLR,119.20491790771484
2023-09-25 00:00:00-04:00,2023,Q3,"Digital Realty Trust, Inc.",Real Estate,DLR,117.05760192871094
2023-10-02 00:00:00-04:00,2023,Q4,"Digital Realty Trust, Inc.",Real Estate,DLR,113.52711486816406
2023-10-09 00:00:00-04:00,2023,Q4,"Digital Realty Trust, Inc.",Real Estate,DLR,118.58587646484375
2023-10-16 00:00:00-04:00,2023,Q4,"Digital Realty Trust, Inc.",Real Estate,DLR,112.0181884765625
2023-10-23 00:00:00-04:00,2023,Q4,"Digital Realty Trust, Inc.",Real Estate,DLR,118.34406280517578
2023-10-30 00:00:00-04:00,2023,Q4,"Digital Realty Trust, Inc.",Real Estate,DLR,128.57763671875
2023-11-06 00:00:00-05:00,2023,Q4,"Digital Realty Trust, Inc.",Real Estate,DLR,124.53450775146484
2023-11-13 00:00:00-05:00,2023,Q4,"Digital Realty Trust, Inc.",Real Estate,DLR,130.12527465820312
2023-11-20 00:00:00-05:00,2023,Q4,"Digital Realty Trust, Inc.",Real Estate,DLR,132.03076171875
2023-11-27 00:00:00-05:00,2023,Q4,"Digital Realty Trust, Inc.",Real Estate,DLR,134.07168579101562
2023-12-04 00:00:00-05:00,2023,Q4,"Digital Realty Trust, Inc.",Real Estate,DLR,130.3961181640625
2023-12-11 00:00:00-05:00,2023,Q4,"Digital Realty Trust, Inc.",Real Estate,DLR,127.84252166748047
2023-12-18 00:00:00-05:00,2023,Q4,"Digital Realty Trust, Inc.",Real Estate,DLR,131.8731231689453
2023-12-25 00:00:00-05:00,2023,Q4,"Digital Realty Trust, Inc.",Real Estate,DLR,131.3461151123047
2024-01-01 00:00:00-05:00,2024,Q1,"Digital Realty Trust, Inc.",Real Estate,DLR,127.68621826171875
2024-01-08 00:00:00-05:00,2024,Q1,"Digital Realty Trust, Inc.",Real Estate,DLR,133.78604125976562
2024-01-15 00:00:00-05:00,2024,Q1,"Digital Realty Trust, Inc.",Real Estate,DLR,134.039794921875
2024-01-22 00:00:00-05:00,2024,Q1,"Digital Realty Trust, Inc.",Real Estate,DLR,139.75897216796875
2024-01-29 00:00:00-05:00,2024,Q1,"Digital Realty Trust, Inc.",Real Estate,DLR,141.01797485351562
2024-02-05 00:00:00-05:00,2024,Q1,"Digital Realty Trust, Inc.",Real Estate,DLR,143.65309143066406
2024-02-12 00:00:00-05:00,2024,Q1,"Digital Realty Trust, Inc.",Real Estate,DLR,132.9467010498047
2024-02-19 00:00:00-05:00,2024,Q1,"Digital Realty Trust, Inc.",Real Estate,DLR,134.52777099609375
2024-02-26 00:00:00-05:00,2024,Q1,"Digital Realty Trust, Inc.",Real Estate,DLR,146.98117065429688
2024-03-04 00:00:00-05:00,2024,Q1,"Digital Realty Trust, Inc.",Real Estate,DLR,145.88807678222656
2024-03-11 00:00:00-04:00,2024,Q1,"Digital Realty Trust, Inc.",Real Estate,DLR,137.47520446777344
2024-03-18 00:00:00-04:00,2024,Q1,"Digital Realty Trust, Inc.",Real Estate,DLR,136.33729553222656
2024-03-25 00:00:00-04:00,2024,Q1,"Digital Realty Trust, Inc.",Real Estate,DLR,141.7805633544922
2024-04-01 00:00:00-04:00,2024,Q2,"Digital Realty Trust, Inc.",Real Estate,DLR,140.3631591796875
2024-04-08 00:00:00-04:00,2024,Q2,"Digital Realty Trust, Inc.",Real Estate,DLR,140.25489807128906
2024-04-15 00:00:00-04:00,2024,Q2,"Digital Realty Trust, Inc.",Real Estate,DLR,134.68365478515625
2024-04-22 00:00:00-04:00,2024,Q2,"Digital Realty Trust, Inc.",Real Estate,DLR,140.5895538330078
2024-04-29 00:00:00-04:00,2024,Q2,"Digital Realty Trust, Inc.",Real Estate,DLR,144.6941375732422
2024-05-06 00:00:00-04:00,2024,Q2,"Digital Realty Trust, Inc.",Real Estate,DLR,139.24102783203125
2024-05-13 00:00:00-04:00,2024,Q2,"Digital Realty Trust, Inc.",Real Estate,DLR,141.5738525390625
2024-05-20 00:00:00-04:00,2024,Q2,"Digital Realty Trust, Inc.",Real Estate,DLR,140.53048706054688
2024-05-27 00:00:00-04:00,2024,Q2,"Digital Realty Trust, Inc.",Real Estate,DLR,143.06016540527344
2024-06-03 00:00:00-04:00,2024,Q2,"Digital Realty Trust, Inc.",Real Estate,DLR,144.05433654785156
2024-06-10 00:00:00-04:00,2024,Q2,"Digital Realty Trust, Inc.",Real Estate,DLR,147.56832885742188
2024-06-17 00:00:00-04:00,2024,Q2,"Digital Realty Trust, Inc.",Real Estate,DLR,147.2222900390625
2024-06-24 00:00:00-04:00,2024,Q2,"Digital Realty Trust, Inc.",Real Estate,DLR,150.8941650390625
2024-07-01 00:00:00-04:00,2024,Q3,"Digital Realty Trust, Inc.",Real Estate,DLR,150.28878784179688
2024-07-08 00:00:00-04:00,2024,Q3,"Digital Realty Trust, Inc.",Real Estate,DLR,157.14627075195312
2024-07-15 00:00:00-04:00,2024,Q3,"Digital Realty Trust, Inc.",Real Estate,DLR,153.9904327392578
2024-07-22 00:00:00-04:00,2024,Q3,"Digital Realty Trust, Inc.",Real Estate,DLR,144.5428009033203
2024-07-29 00:00:00-04:00,2024,Q3,"Digital Realty Trust, Inc.",Real Estate,DLR,149.69334411621094
2024-08-05 00:00:00-04:00,2024,Q3,"Digital Realty Trust, Inc.",Real Estate,DLR,148.97882080078125
2024-08-12 00:00:00-04:00,2024,Q3,"Digital Realty Trust, Inc.",Real Estate,DLR,148.46278381347656
2024-08-19 00:00:00-04:00,2024,Q3,"Digital Realty Trust, Inc.",Real Estate,DLR,151.02316284179688
2024-08-26 00:00:00-04:00,2024,Q3,"Digital Realty Trust, Inc.",Real Estate,DLR,150.45750427246094
2024-09-02 00:00:00-04:00,2024,Q3,"Digital Realty Trust, Inc.",Real Estate,DLR,147.09327697753906
2024-09-09 00:00:00-04:00,2024,Q3,"Digital Realty Trust, Inc.",Real Estate,DLR,157.7218475341797
2024-09-16 00:00:00-04:00,2024,Q3,"Digital Realty Trust, Inc.",Real Estate,DLR,158.6999969482422
2024-09-23 00:00:00-04:00,2024,Q3,"Digital Realty Trust, Inc.",Real Estate,DLR,161.16000366210938
2023-07-31 00:00:00-04:00,2023,Q3,"Equinix, Inc.",Real Estate,EQIX,738.7474975585938
2023-08-07 00:00:00-04:00,2023,Q3,"Equinix, Inc.",Real Estate,EQIX,754.626220703125
2023-08-14 00:00:00-04:00,2023,Q3,"Equinix, Inc.",Real Estate,EQIX,730.8422241210938
2023-08-21 00:00:00-04:00,2023,Q3,"Equinix, Inc.",Real Estate,EQIX,751.4583129882812
2023-08-28 00:00:00-04:00,2023,Q3,"Equinix, Inc.",Real Estate,EQIX,761.3731079101562
2023-09-04 00:00:00-04:00,2023,Q3,"Equinix, Inc.",Real Estate,EQIX,755.41943359375
2023-09-11 00:00:00-04:00,2023,Q3,"Equinix, Inc.",Real Estate,EQIX,760.1001586914062
2023-09-18 00:00:00-04:00,2023,Q3,"Equinix, Inc.",Real Estate,EQIX,716.710205078125
2023-09-25 00:00:00-04:00,2023,Q3,"Equinix, Inc.",Real Estate,EQIX,711.1776733398438
2023-10-02 00:00:00-04:00,2023,Q4,"Equinix, Inc.",Real Estate,EQIX,708.6316528320312
2023-10-09 00:00:00-04:00,2023,Q4,"Equinix, Inc.",Real Estate,EQIX,727.2174682617188
2023-10-16 00:00:00-04:00,2023,Q4,"Equinix, Inc.",Real Estate,EQIX,690.9662475585938
2023-10-23 00:00:00-04:00,2023,Q4,"Equinix, Inc.",Real Estate,EQIX,695.6372680664062
2023-10-30 00:00:00-04:00,2023,Q4,"Equinix, Inc.",Real Estate,EQIX,754.7535400390625
2023-11-06 00:00:00-05:00,2023,Q4,"Equinix, Inc.",Real Estate,EQIX,751.3359985351562
2023-11-13 00:00:00-05:00,2023,Q4,"Equinix, Inc.",Real Estate,EQIX,758.552978515625
2023-11-20 00:00:00-05:00,2023,Q4,"Equinix, Inc.",Real Estate,EQIX,782.8636474609375
2023-11-27 00:00:00-05:00,2023,Q4,"Equinix, Inc.",Real Estate,EQIX,811.83447265625
2023-12-04 00:00:00-05:00,2023,Q4,"Equinix, Inc.",Real Estate,EQIX,789.5303344726562
2023-12-11 00:00:00-05:00,2023,Q4,"Equinix, Inc.",Real Estate,EQIX,791.4603881835938
2023-12-18 00:00:00-05:00,2023,Q4,"Equinix, Inc.",Real Estate,EQIX,787.4722290039062
2023-12-25 00:00:00-05:00,2023,Q4,"Equinix, Inc.",Real Estate,EQIX,793.0950927734375
2024-01-01 00:00:00-05:00,2024,Q1,"Equinix, Inc.",Real Estate,EQIX,776.3546142578125
2024-01-08 00:00:00-05:00,2024,Q1,"Equinix, Inc.",Real Estate,EQIX,802.5780639648438
2024-01-15 00:00:00-05:00,2024,Q1,"Equinix, Inc.",Real Estate,EQIX,790.4362182617188
2024-01-22 00:00:00-05:00,2024,Q1,"Equinix, Inc.",Real Estate,EQIX,798.5996704101562
2024-01-29 00:00:00-05:00,2024,Q1,"Equinix, Inc.",Real Estate,EQIX,830.5936279296875
2024-02-05 00:00:00-05:00,2024,Q1,"Equinix, Inc.",Real Estate,EQIX,842.6961059570312
2024-02-12 00:00:00-05:00,2024,Q1,"Equinix, Inc.",Real Estate,EQIX,843.1588745117188
2024-02-19 00:00:00-05:00,2024,Q1,"Equinix, Inc.",Real Estate,EQIX,868.8211059570312
2024-02-26 00:00:00-05:00,2024,Q1,"Equinix, Inc.",Real Estate,EQIX,886.7826538085938
2024-03-04 00:00:00-05:00,2024,Q1,"Equinix, Inc.",Real Estate,EQIX,900.5779418945312
2024-03-11 00:00:00-04:00,2024,Q1,"Equinix, Inc.",Real Estate,EQIX,841.49267578125
2024-03-18 00:00:00-04:00,2024,Q1,"Equinix, Inc.",Real Estate,EQIX,792.5897216796875
2024-03-25 00:00:00-04:00,2024,Q1,"Equinix, Inc.",Real Estate,EQIX,816.6948852539062
2024-04-01 00:00:00-04:00,2024,Q2,"Equinix, Inc.",Real Estate,EQIX,776.2030029296875
2024-04-08 00:00:00-04:00,2024,Q2,"Equinix, Inc.",Real Estate,EQIX,756.0560302734375
2024-04-15 00:00:00-04:00,2024,Q2,"Equinix, Inc.",Real Estate,EQIX,740.1740112304688
2024-04-22 00:00:00-04:00,2024,Q2,"Equinix, Inc.",Real Estate,EQIX,723.9554443359375
2024-04-29 00:00:00-04:00,2024,Q2,"Equinix, Inc.",Real Estate,EQIX,692.854248046875
2024-05-06 00:00:00-04:00,2024,Q2,"Equinix, Inc.",Real Estate,EQIX,749.752685546875
2024-05-13 00:00:00-04:00,2024,Q2,"Equinix, Inc.",Real Estate,EQIX,791.4617309570312
2024-05-20 00:00:00-04:00,2024,Q2,"Equinix, Inc.",Real Estate,EQIX,758.1043701171875
2024-05-27 00:00:00-04:00,2024,Q2,"Equinix, Inc.",Real Estate,EQIX,759.063232421875
2024-06-03 00:00:00-04:00,2024,Q2,"Equinix, Inc.",Real Estate,EQIX,749.5224609375
2024-06-10 00:00:00-04:00,2024,Q2,"Equinix, Inc.",Real Estate,EQIX,762.326416015625
2024-06-17 00:00:00-04:00,2024,Q2,"Equinix, Inc.",Real Estate,EQIX,761.0728759765625
2024-06-24 00:00:00-04:00,2024,Q2,"Equinix, Inc.",Real Estate,EQIX,752.7159423828125
2024-07-01 00:00:00-04:00,2024,Q3,"Equinix, Inc.",Real Estate,EQIX,750.6168212890625
2024-07-08 00:00:00-04:00,2024,Q3,"Equinix, Inc.",Real Estate,EQIX,800.7083740234375
2024-07-15 00:00:00-04:00,2024,Q3,"Equinix, Inc.",Real Estate,EQIX,782.7808837890625
2024-07-22 00:00:00-04:00,2024,Q3,"Equinix, Inc.",Real Estate,EQIX,768.4647216796875
2024-07-29 00:00:00-04:00,2024,Q3,"Equinix, Inc.",Real Estate,EQIX,802.5090942382812
2024-08-05 00:00:00-04:00,2024,Q3,"Equinix, Inc.",Real Estate,EQIX,814.67626953125
2024-08-12 00:00:00-04:00,2024,Q3,"Equinix, Inc.",Real Estate,EQIX,824.4060668945312
2024-08-19 00:00:00-04:00,2024,Q3,"Equinix, Inc.",Real Estate,EQIX,823.7096557617188
2024-08-26 00:00:00-04:00,2024,Q3,"Equinix, Inc.",Real Estate,EQIX,834.3599853515625
2024-09-02 00:00:00-04:00,2024,Q3,"Equinix, Inc.",Real Estate,EQIX,817.9600219726562
2024-09-09 00:00:00-04:00,2024,Q3,"Equinix, Inc.",Real Estate,EQIX,871.5399780273438
2024-09-16 00:00:00-04:00,2024,Q3,"Equinix, Inc.",Real Estate,EQIX,877.2000122070312
2024-09-23 00:00:00-04:00,2024,Q3,"Equinix, Inc.",Real Estate,EQIX,882.6900024414062
