ticker,date,year_quarter,close
AAPL,2023-07-31 00:00:00-04:00,2023-Q3,180.62059020996094
AAPL,2023-08-07 00:00:00-04:00,2023-Q3,176.45217895507812
AAPL,2023-08-14 00:00:00-04:00,2023-Q3,173.41090393066406
AAPL,2023-08-21 00:00:00-04:00,2023-Q3,177.50540161132812
AAPL,2023-08-28 00:00:00-04:00,2023-Q3,188.28829956054688
AAPL,2023-09-04 00:00:00-04:00,2023-Q3,177.0780487060547
AAPL,2023-09-11 00:00:00-04:00,2023-Q3,173.9276580810547
AAPL,2023-09-18 00:00:00-04:00,2023-Q3,173.70899963378906
AAPL,2023-09-25 00:00:00-04:00,2023-Q3,170.15115356445312
AAPL,2023-10-02 00:00:00-04:00,2023-Q4,176.39231872558594
AAPL,2023-10-09 00:00:00-04:00,2023-Q4,177.74392700195312
AAPL,2023-10-16 00:00:00-04:00,2023-Q4,171.8108367919922
AAPL,2023-10-23 00:00:00-04:00,2023-Q4,167.17965698242188
AAPL,2023-10-30 00:00:00-04:00,2023-Q4,175.55751037597656
AAPL,2023-11-06 00:00:00-05:00,2023-Q4,185.24720764160156
AAPL,2023-11-13 00:00:00-05:00,2023-Q4,188.76522827148438
AAPL,2023-11-20 00:00:00-05:00,2023-Q4,189.0438690185547
AAPL,2023-11-27 00:00:00-05:00,2023-Q4,190.3076934814453
AAPL,2023-12-04 00:00:00-05:00,2023-Q4,194.75588989257812
AAPL,2023-12-11 00:00:00-05:00,2023-Q4,196.60682678222656
AAPL,2023-12-18 00:00:00-05:00,2023-Q4,192.6561737060547
AAPL,2023-12-25 00:00:00-05:00,2023-Q4,191.5913848876953
AAPL,2024-01-01 00:00:00-05:00,2024-Q1,180.29669189453125
AAPL,2024-01-08 00:00:00-05:00,2024-Q1,185.01361083984375
AAPL,2024-01-15 00:00:00-05:00,2024-Q1,190.62611389160156
AAPL,2024-01-22 00:00:00-05:00,2024-Q1,191.48191833496094
AAPL,2024-01-29 00:00:00-05:00,2024-Q1,184.94395446777344
AAPL,2024-02-05 00:00:00-05:00,2024-Q1,187.92933654785156
AAPL,2024-02-12 00:00:00-05:00,2024-Q1,181.6527099609375
AAPL,2024-02-19 00:00:00-05:00,2024-Q1,181.86195373535156
AAPL,2024-02-26 00:00:00-05:00,2024-Q1,179.01226806640625
AAPL,2024-03-04 00:00:00-05:00,2024-Q1,170.11447143554688
AAPL,2024-03-11 00:00:00-04:00,2024-Q1,171.99765014648438
AAPL,2024-03-18 00:00:00-04:00,2024-Q1,171.6588592529297
AAPL,2024-03-25 00:00:00-04:00,2024-Q1,170.86175537109375
AAPL,2024-04-01 00:00:00-04:00,2024-Q2,168.96859741210938
AAPL,2024-04-08 00:00:00-04:00,2024-Q2,175.91348266601562
AAPL,2024-04-15 00:00:00-04:00,2024-Q2,164.40512084960938
AAPL,2024-04-22 00:00:00-04:00,2024-Q2,168.6896209716797
AAPL,2024-04-29 00:00:00-04:00,2024-Q2,182.71885681152344
AAPL,2024-05-06 00:00:00-04:00,2024-Q2,182.39002990722656
AAPL,2024-05-13 00:00:00-04:00,2024-Q2,189.4420623779297
AAPL,2024-05-20 00:00:00-04:00,2024-Q2,189.5518035888672
AAPL,2024-05-27 00:00:00-04:00,2024-Q2,191.8166961669922
AAPL,2024-06-03 00:00:00-04:00,2024-Q2,196.4462432861328
AAPL,2024-06-10 00:00:00-04:00,2024-Q2,212.01107788085938
AAPL,2024-06-17 00:00:00-04:00,2024-Q2,207.02235412597656
AAPL,2024-06-24 00:00:00-04:00,2024-Q2,210.14527893066406
AAPL,2024-07-01 00:00:00-04:00,2024-Q3,225.82984924316406
AAPL,2024-07-08 00:00:00-04:00,2024-Q3,230.0203857421875
AAPL,2024-07-15 00:00:00-04:00,2024-Q3,223.80442810058594
AAPL,2024-07-22 00:00:00-04:00,2024-Q3,217.46875
AAPL,2024-07-29 00:00:00-04:00,2024-Q3,219.3644561767578
AAPL,2024-08-05 00:00:00-04:00,2024-Q3,215.7526397705078
AAPL,2024-08-12 00:00:00-04:00,2024-Q3,225.54051208496094
AAPL,2024-08-19 00:00:00-04:00,2024-Q3,226.5906982421875
AAPL,2024-08-26 00:00:00-04:00,2024-Q3,228.7483367919922
AAPL,2024-09-02 00:00:00-04:00,2024-Q3,220.57733154296875
AAPL,2024-09-09 00:00:00-04:00,2024-Q3,222.25547790527344
AAPL,2024-09-16 00:00:00-04:00,2024-Q3,227.94920349121094
AAPL,2024-09-23 00:00:00-04:00,2024-Q3,227.53965759277344
MSFT,2023-07-31 00:00:00-04:00,2023-Q3,324.6506042480469
MSFT,2023-08-07 00:00:00-04:00,2023-Q3,317.9452819824219
MSFT,2023-08-14 00:00:00-04:00,2023-Q3,313.4585266113281
MSFT,2023-08-21 00:00:00-04:00,2023-Q3,320.5737609863281
MSFT,2023-08-28 00:00:00-04:00,2023-Q3,326.2114562988281
MSFT,2023-09-04 00:00:00-04:00,2023-Q3,331.7796630859375
MSFT,2023-09-11 00:00:00-04:00,2023-Q3,327.75982666015625
MSFT,2023-09-18 00:00:00-04:00,2023-Q3,314.6482238769531
MSFT,2023-09-25 00:00:00-04:00,2023-Q3,313.3976135253906
MSFT,2023-10-02 00:00:00-04:00,2023-Q4,324.8218688964844
MSFT,2023-10-09 00:00:00-04:00,2023-Q4,325.28839111328125
MSFT,2023-10-16 00:00:00-04:00,2023-Q4,324.2362976074219
MSFT,2023-10-23 00:00:00-04:00,2023-Q4,327.35284423828125
MSFT,2023-10-30 00:00:00-04:00,2023-Q4,350.17156982421875
MSFT,2023-11-06 00:00:00-05:00,2023-Q4,366.9158935546875
MSFT,2023-11-13 00:00:00-05:00,2023-Q4,367.0945739746094
MSFT,2023-11-20 00:00:00-05:00,2023-Q4,375.37841796875
MSFT,2023-11-27 00:00:00-05:00,2023-Q4,372.47430419921875
MSFT,2023-12-04 00:00:00-05:00,2023-Q4,372.1958312988281
MSFT,2023-12-11 00:00:00-05:00,2023-Q4,368.7148742675781
MSFT,2023-12-18 00:00:00-05:00,2023-Q4,372.5439147949219
MSFT,2023-12-25 00:00:00-05:00,2023-Q4,373.9959716796875
MSFT,2024-01-01 00:00:00-05:00,2024-Q1,365.75103759765625
MSFT,2024-01-08 00:00:00-05:00,2024-Q1,386.3584289550781
MSFT,2024-01-15 00:00:00-05:00,2024-Q1,396.50299072265625
MSFT,2024-01-22 00:00:00-05:00,2024-Q1,401.734375
MSFT,2024-01-29 00:00:00-05:00,2024-Q1,408.9847717285156
MSFT,2024-02-05 00:00:00-05:00,2024-Q1,418.2640380859375
MSFT,2024-02-12 00:00:00-05:00,2024-Q1,401.86370849609375
MSFT,2024-02-19 00:00:00-05:00,2024-Q1,408.8642578125
MSFT,2024-02-26 00:00:00-05:00,2024-Q1,414.00567626953125
MSFT,2024-03-04 00:00:00-05:00,2024-Q1,404.7590637207031
MSFT,2024-03-11 00:00:00-04:00,2024-Q1,414.9223937988281
MSFT,2024-03-18 00:00:00-04:00,2024-Q1,427.19805908203125
MSFT,2024-03-25 00:00:00-04:00,2024-Q1,419.2069091796875
MSFT,2024-04-01 00:00:00-04:00,2024-Q2,423.9896545410156
MSFT,2024-04-08 00:00:00-04:00,2024-Q2,420.3826904296875
MSFT,2024-04-15 00:00:00-04:00,2024-Q2,397.6846008300781
MSFT,2024-04-22 00:00:00-04:00,2024-Q2,404.8587341308594
MSFT,2024-04-29 00:00:00-04:00,2024-Q2,405.1974792480469
MSFT,2024-05-06 00:00:00-04:00,2024-Q2,413.2484130859375
MSFT,2024-05-13 00:00:00-04:00,2024-Q2,418.69873046875
MSFT,2024-05-20 00:00:00-04:00,2024-Q2,429.3860778808594
MSFT,2024-05-27 00:00:00-04:00,2024-Q2,414.38311767578125
MSFT,2024-06-03 00:00:00-04:00,2024-Q2,423.0874328613281
MSFT,2024-06-10 00:00:00-04:00,2024-Q2,441.77374267578125
MSFT,2024-06-17 00:00:00-04:00,2024-Q2,448.97076416015625
MSFT,2024-06-24 00:00:00-04:00,2024-Q2,446.1458740234375
MSFT,2024-07-01 00:00:00-04:00,2024-Q3,466.7187805175781
MSFT,2024-07-08 00:00:00-04:00,2024-Q3,452.7339782714844
MSFT,2024-07-15 00:00:00-04:00,2024-Q3,436.32354736328125
MSFT,2024-07-22 00:00:00-04:00,2024-Q3,424.5048522949219
MSFT,2024-07-29 00:00:00-04:00,2024-Q3,407.7550354003906
MSFT,2024-08-05 00:00:00-04:00,2024-Q3,405.28948974609375
MSFT,2024-08-12 00:00:00-04:00,2024-Q3,417.71710205078125
MSFT,2024-08-19 00:00:00-04:00,2024-Q3,416.7900085449219
MSFT,2024-08-26 00:00:00-04:00,2024-Q3,417.1400146484375
MSFT,2024-09-02 00:00:00-04:00,2024-Q3,401.70001220703125
MSFT,2024-09-09 00:00:00-04:00,2024-Q3,430.5899963378906
MSFT,2024-09-16 00:00:00-04:00,2024-Q3,435.2699890136719
MSFT,2024-09-23 00:00:00-04:00,2024-Q3,428.0199890136719
GOOGL,2023-07-31 00:00:00-04:00,2023-Q3,127.79356384277344
GOOGL,2023-08-07 00:00:00-04:00,2023-Q3,129.23997497558594
GOOGL,2023-08-14 00:00:00-04:00,2023-Q3,127.14517211914062
GOOGL,2023-08-21 00:00:00-04:00,2023-Q3,129.55918884277344
GOOGL,2023-08-28 00:00:00-04:00,2023-Q3,135.32492065429688
GOOGL,2023-09-04 00:00:00-04:00,2023-Q3,136.0431365966797
GOOGL,2023-09-11 00:00:00-04:00,2023-Q3,137.06060791015625
GOOGL,2023-09-18 00:00:00-04:00,2023-Q3,129.9282684326172
GOOGL,2023-09-25 00:00:00-04:00,2023-Q3,130.53677368164062
GOOGL,2023-10-02 00:00:00-04:00,2023-Q4,137.2401580810547
GOOGL,2023-10-09 00:00:00-04:00,2023-Q4,137.02072143554688
GOOGL,2023-10-16 00:00:00-04:00,2023-Q4,135.2650604248047
GOOGL,2023-10-23 00:00:00-04:00,2023-Q4,121.86823272705078
GOOGL,2023-10-30 00:00:00-04:00,2023-Q4,128.7811279296875
GOOGL,2023-11-06 00:00:00-05:00,2023-Q4,132.2624969482422
GOOGL,2023-11-13 00:00:00-05:00,2023-Q4,134.9757843017578
GOOGL,2023-11-20 00:00:00-05:00,2023-Q4,136.3523712158203
GOOGL,2023-11-27 00:00:00-05:00,2023-Q4,131.5343017578125
GOOGL,2023-12-04 00:00:00-05:00,2023-Q4,134.6565704345703
GOOGL,2023-12-11 00:00:00-05:00,2023-Q4,132.27247619628906
GOOGL,2023-12-18 00:00:00-05:00,2023-Q4,141.14051818847656
GOOGL,2023-12-25 00:00:00-05:00,2023-Q4,139.34495544433594
GOOGL,2024-01-01 00:00:00-05:00,2024-Q1,135.3947296142578
GOOGL,2024-01-08 00:00:00-05:00,2024-Q1,142.29763793945312
GOOGL,2024-01-15 00:00:00-05:00,2024-Q1,146.0184326171875
GOOGL,2024-01-22 00:00:00-05:00,2024-Q1,151.8140869140625
GOOGL,2024-01-29 00:00:00-05:00,2024-Q1,142.0283203125
GOOGL,2024-02-05 00:00:00-05:00,2024-Q1,148.63197326660156
GOOGL,2024-02-12 00:00:00-05:00,2024-Q1,140.17291259765625
GOOGL,2024-02-19 00:00:00-05:00,2024-Q1,143.6044158935547
GOOGL,2024-02-26 00:00:00-05:00,2024-Q1,136.80125427246094
GOOGL,2024-03-04 00:00:00-05:00,2024-Q1,135.07553100585938
GOOGL,2024-03-11 00:00:00-04:00,2024-Q1,140.83126831054688
GOOGL,2024-03-18 00:00:00-04:00,2024-Q1,150.39759826660156
GOOGL,2024-03-25 00:00:00-04:00,2024-Q1,150.55718994140625
GOOGL,2024-04-01 00:00:00-04:00,2024-Q2,152.12332153320312
GOOGL,2024-04-08 00:00:00-04:00,2024-Q2,157.3404083251953
GOOGL,2024-04-15 00:00:00-04:00,2024-Q2,153.7093963623047
GOOGL,2024-04-22 00:00:00-04:00,2024-Q2,171.52528381347656
GOOGL,2024-04-29 00:00:00-04:00,2024-Q2,166.82691955566406
GOOGL,2024-05-06 00:00:00-04:00,2024-Q2,168.23341369628906
GOOGL,2024-05-13 00:00:00-04:00,2024-Q2,175.6251220703125
GOOGL,2024-05-20 00:00:00-04:00,2024-Q2,174.5577850341797
GOOGL,2024-05-27 00:00:00-04:00,2024-Q2,172.07391357421875
GOOGL,2024-06-03 00:00:00-04:00,2024-Q2,174.02908325195312
GOOGL,2024-06-10 00:00:00-04:00,2024-Q2,176.3533172607422
GOOGL,2024-06-17 00:00:00-04:00,2024-Q2,179.3919677734375
GOOGL,2024-06-24 00:00:00-04:00,2024-Q2,181.9086151123047
GOOGL,2024-07-01 00:00:00-04:00,2024-Q3,190.34742736816406
GOOGL,2024-07-08 00:00:00-04:00,2024-Q3,184.8247528076172
GOOGL,2024-07-15 00:00:00-04:00,2024-Q3,177.42457580566406
GOOGL,2024-07-22 00:00:00-04:00,2024-Q3,166.7786865234375
GOOGL,2024-07-29 00:00:00-04:00,2024-Q3,166.43914794921875
GOOGL,2024-08-05 00:00:00-04:00,2024-Q3,163.45310974121094
GOOGL,2024-08-12 00:00:00-04:00,2024-Q3,162.74404907226562
GOOGL,2024-08-19 00:00:00-04:00,2024-Q3,165.4005126953125
GOOGL,2024-08-26 00:00:00-04:00,2024-Q3,163.1634979248047
GOOGL,2024-09-02 00:00:00-04:00,2024-Q3,150.72000122070312
GOOGL,2024-09-09 00:00:00-04:00,2024-Q3,157.2513427734375
GOOGL,2024-09-16 00:00:00-04:00,2024-Q3,163.58999633789062
GOOGL,2024-09-23 00:00:00-04:00,2024-Q3,163.9499969482422
NVDA,2023-07-31 00:00:00-04:00,2023-Q3,44.662803649902344
NVDA,2023-08-07 00:00:00-04:00,2023-Q3,40.83928298950195
NVDA,2023-08-14 00:00:00-04:00,2023-Q3,43.2823371887207
NVDA,2023-08-21 00:00:00-04:00,2023-Q3,46.00028991699219
NVDA,2023-08-28 00:00:00-04:00,2023-Q3,48.49032974243164
NVDA,2023-09-04 00:00:00-04:00,2023-Q3,45.55446243286133
NVDA,2023-09-11 00:00:00-04:00,2023-Q3,43.886722564697266
NVDA,2023-09-18 00:00:00-04:00,2023-Q3,41.597412109375
NVDA,2023-09-25 00:00:00-04:00,2023-Q3,43.48584747314453
NVDA,2023-10-02 00:00:00-04:00,2023-Q4,45.7481575012207
NVDA,2023-10-09 00:00:00-04:00,2023-Q4,45.44724655151367
NVDA,2023-10-16 00:00:00-04:00,2023-Q4,41.374481201171875
NVDA,2023-10-23 00:00:00-04:00,2023-Q4,40.48775100708008
NVDA,2023-10-30 00:00:00-04:00,2023-Q4,44.991390228271484
NVDA,2023-11-06 00:00:00-05:00,2023-Q4,48.32038116455078
NVDA,2023-11-13 00:00:00-05:00,2023-Q4,49.2830924987793
NVDA,2023-11-20 00:00:00-05:00,2023-Q4,47.76155471801758
NVDA,2023-11-27 00:00:00-05:00,2023-Q4,46.750850677490234
NVDA,2023-12-04 00:00:00-05:00,2023-Q4,47.49163055419922
NVDA,2023-12-11 00:00:00-05:00,2023-Q4,48.87950897216797
NVDA,2023-12-18 00:00:00-05:00,2023-Q4,48.81952667236328
NVDA,2023-12-25 00:00:00-05:00,2023-Q4,49.511375427246094
NVDA,2024-01-01 00:00:00-05:00,2024-Q1,49.086463928222656
NVDA,2024-01-08 00:00:00-05:00,2024-Q1,54.69825744628906
NVDA,2024-01-15 00:00:00-05:00,2024-Q1,59.478233337402344
NVDA,2024-01-22 00:00:00-05:00,2024-Q1,61.017906188964844
NVDA,2024-01-29 00:00:00-05:00,2024-Q1,66.14580535888672
NVDA,2024-02-05 00:00:00-05:00,2024-Q1,72.11752319335938
NVDA,2024-02-12 00:00:00-05:00,2024-Q1,72.59741973876953
NVDA,2024-02-19 00:00:00-05:00,2024-Q1,78.80008697509766
NVDA,2024-02-26 00:00:00-05:00,2024-Q1,82.26134490966797
NVDA,2024-03-04 00:00:00-05:00,2024-Q1,87.50922393798828
NVDA,2024-03-11 00:00:00-04:00,2024-Q1,87.822265625
NVDA,2024-03-18 00:00:00-04:00,2024-Q1,94.273193359375
NVDA,2024-03-25 00:00:00-04:00,2024-Q1,90.34085083007812
NVDA,2024-04-01 00:00:00-04:00,2024-Q2,87.99324798583984
NVDA,2024-04-08 00:00:00-04:00,2024-Q2,88.17121124267578
NVDA,2024-04-15 00:00:00-04:00,2024-Q2,76.18722534179688
NVDA,2024-04-22 00:00:00-04:00,2024-Q2,87.72029113769531
NVDA,2024-04-29 00:00:00-04:00,2024-Q2,88.77411651611328
NVDA,2024-05-06 00:00:00-04:00,2024-Q2,89.86292266845703
NVDA,2024-05-13 00:00:00-04:00,2024-Q2,92.46348571777344
NVDA,2024-05-20 00:00:00-04:00,2024-Q2,106.4511489868164
NVDA,2024-05-27 00:00:00-04:00,2024-Q2,109.6146240234375
NVDA,2024-06-03 00:00:00-04:00,2024-Q2,120.86773681640625
NVDA,2024-06-10 00:00:00-04:00,2024-Q2,131.85789489746094
NVDA,2024-06-17 00:00:00-04:00,2024-Q2,126.55917358398438
NVDA,2024-06-24 00:00:00-04:00,2024-Q2,123.52943420410156
NVDA,2024-07-01 00:00:00-04:00,2024-Q3,125.8192367553711
NVDA,2024-07-08 00:00:00-04:00,2024-Q3,129.2289581298828
NVDA,2024-07-15 00:00:00-04:00,2024-Q3,117.91991424560547
NVDA,2024-07-22 00:00:00-04:00,2024-Q3,113.05032348632812
NVDA,2024-07-29 00:00:00-04:00,2024-Q3,107.26081848144531
NVDA,2024-08-05 00:00:00-04:00,2024-Q3,104.74104309082031
NVDA,2024-08-12 00:00:00-04:00,2024-Q3,124.56934356689453
NVDA,2024-08-19 00:00:00-04:00,2024-Q3,129.3589324951172
NVDA,2024-08-26 00:00:00-04:00,2024-Q3,119.35979461669922
NVDA,2024-09-02 00:00:00-04:00,2024-Q3,102.82120513916016
NVDA,2024-09-09 00:00:00-04:00,2024-Q3,119.08981323242188
NVDA,2024-09-16 00:00:00-04:00,2024-Q3,116.0
NVDA,2024-09-23 00:00:00-04:00,2024-Q3,121.4000015258789
META,2023-07-31 00:00:00-04:00,2023-Q3,309.7972717285156
META,2023-08-07 00:00:00-04:00,2023-Q3,300.7345275878906
META,2023-08-14 00:00:00-04:00,2023-Q3,282.39971923828125
META,2023-08-21 00:00:00-04:00,2023-Q3,284.6429748535156
META,2023-08-28 00:00:00-04:00,2023-Q3,295.4903259277344
META,2023-09-04 00:00:00-04:00,2023-Q3,296.99578857421875
META,2023-09-11 00:00:00-04:00,2023-Q3,299.4084777832031
META,2023-09-18 00:00:00-04:00,2023-Q3,298.18218994140625
META,2023-09-25 00:00:00-04:00,2023-Q3,299.308837890625
META,2023-10-02 00:00:00-04:00,2023-Q4,314.4831237792969
META,2023-10-09 00:00:00-04:00,2023-Q4,313.745361328125
META,2023-10-16 00:00:00-04:00,2023-Q4,307.72344970703125
META,2023-10-23 00:00:00-04:00,2023-Q4,295.83929443359375
META,2023-10-30 00:00:00-04:00,2023-Q4,313.6556396484375
META,2023-11-06 00:00:00-05:00,2023-Q4,327.7830505371094
META,2023-11-13 00:00:00-05:00,2023-Q4,334.0342712402344
META,2023-11-20 00:00:00-05:00,2023-Q4,337.2147216796875
META,2023-11-27 00:00:00-05:00,2023-Q4,323.844970703125
META,2023-12-04 00:00:00-05:00,2023-Q4,331.7511291503906
META,2023-12-11 00:00:00-05:00,2023-Q4,333.9146423339844
META,2023-12-18 00:00:00-05:00,2023-Q4,352.3291931152344
META,2023-12-25 00:00:00-05:00,2023-Q4,352.8974609375
META,2024-01-01 00:00:00-05:00,2024-Q1,350.8935241699219
META,2024-01-08 00:00:00-05:00,2024-Q1,373.3658142089844
META,2024-01-15 00:00:00-05:00,2024-Q1,382.2989501953125
META,2024-01-22 00:00:00-05:00,2024-Q1,392.9568786621094
META,2024-01-29 00:00:00-05:00,2024-Q1,473.56414794921875
META,2024-02-05 00:00:00-05:00,2024-Q1,466.7048034667969
META,2024-02-12 00:00:00-05:00,2024-Q1,471.899169921875
META,2024-02-19 00:00:00-05:00,2024-Q1,482.5770263671875
META,2024-02-26 00:00:00-05:00,2024-Q1,501.323486328125
META,2024-03-04 00:00:00-05:00,2024-Q1,504.9664611816406
META,2024-03-11 00:00:00-04:00,2024-Q1,483.1589050292969
META,2024-03-18 00:00:00-04:00,2024-Q1,508.58935546875
META,2024-03-25 00:00:00-04:00,2024-Q1,484.6360168457031
META,2024-04-01 00:00:00-04:00,2024-Q2,526.3148803710938
META,2024-04-08 00:00:00-04:00,2024-Q2,510.90484619140625
META,2024-04-15 00:00:00-04:00,2024-Q2,480.1347961425781
META,2024-04-22 00:00:00-04:00,2024-Q2,442.4282531738281
META,2024-04-29 00:00:00-04:00,2024-Q2,451.08135986328125
META,2024-05-06 00:00:00-04:00,2024-Q2,475.2742919921875
META,2024-05-13 00:00:00-04:00,2024-Q2,470.99261474609375
META,2024-05-20 00:00:00-04:00,2024-Q2,477.29034423828125
META,2024-05-27 00:00:00-04:00,2024-Q2,465.9224548339844
META,2024-06-03 00:00:00-04:00,2024-Q2,492.0016784667969
META,2024-06-10 00:00:00-04:00,2024-Q2,503.1799011230469
META,2024-06-17 00:00:00-04:00,2024-Q2,494.3084411621094
META,2024-06-24 00:00:00-04:00,2024-Q2,503.73944091796875
META,2024-07-01 00:00:00-04:00,2024-Q3,539.3953857421875
META,2024-07-08 00:00:00-04:00,2024-Q3,498.39453125
META,2024-07-15 00:00:00-04:00,2024-Q3,476.3356018066406
META,2024-07-22 00:00:00-04:00,2024-Q3,465.25616455078125
META,2024-07-29 00:00:00-04:00,2024-Q3,487.6747741699219
META,2024-08-05 00:00:00-04:00,2024-Q3,517.2765502929688
META,2024-08-12 00:00:00-04:00,2024-Q3,526.9172973632812
META,2024-08-19 00:00:00-04:00,2024-Q3,527.4967651367188
META,2024-08-26 00:00:00-04:00,2024-Q3,520.8131713867188
META,2024-09-02 00:00:00-04:00,2024-Q3,499.7931823730469
META,2024-09-09 00:00:00-04:00,2024-Q3,524.1199951171875
META,2024-09-16 00:00:00-04:00,2024-Q3,560.81494140625
META,2024-09-23 00:00:00-04:00,2024-Q3,567.3599853515625
JNJ,2023-07-31 00:00:00-04:00,2023-Q3,162.67404174804688
JNJ,2023-08-07 00:00:00-04:00,2023-Q3,167.30291748046875
JNJ,2023-08-14 00:00:00-04:00,2023-Q3,165.99411010742188
JNJ,2023-08-21 00:00:00-04:00,2023-Q3,159.98910522460938
JNJ,2023-08-28 00:00:00-04:00,2023-Q3,155.5576934814453
JNJ,2023-09-04 00:00:00-04:00,2023-Q3,155.63525390625
JNJ,2023-09-11 00:00:00-04:00,2023-Q3,156.49795532226562
JNJ,2023-09-18 00:00:00-04:00,2023-Q3,155.57708740234375
JNJ,2023-09-25 00:00:00-04:00,2023-Q3,150.9727783203125
JNJ,2023-10-02 00:00:00-04:00,2023-Q4,152.8048095703125
JNJ,2023-10-09 00:00:00-04:00,2023-Q4,152.03903198242188
JNJ,2023-10-16 00:00:00-04:00,2023-Q4,148.30712890625
JNJ,2023-10-23 00:00:00-04:00,2023-Q4,141.13412475585938
JNJ,2023-10-30 00:00:00-04:00,2023-Q4,146.69802856445312
JNJ,2023-11-06 00:00:00-05:00,2023-Q4,142.73350524902344
JNJ,2023-11-13 00:00:00-05:00,2023-Q4,145.19558715820312
JNJ,2023-11-20 00:00:00-05:00,2023-Q4,147.82247924804688
JNJ,2023-11-27 00:00:00-05:00,2023-Q4,154.7515411376953
JNJ,2023-12-04 00:00:00-05:00,2023-Q4,150.8822479248047
JNJ,2023-12-11 00:00:00-05:00,2023-Q4,151.6053009033203
JNJ,2023-12-18 00:00:00-05:00,2023-Q4,151.8984375
JNJ,2023-12-25 00:00:00-05:00,2023-Q4,153.14910888671875
JNJ,2024-01-01 00:00:00-05:00,2024-Q1,157.43853759765625
JNJ,2024-01-08 00:00:00-05:00,2024-Q1,158.66966247558594
JNJ,2024-01-15 00:00:00-05:00,2024-Q1,157.97592163085938
JNJ,2024-01-22 00:00:00-05:00,2024-Q1,155.8458709716797
JNJ,2024-01-29 00:00:00-05:00,2024-Q1,153.02207946777344
JNJ,2024-02-05 00:00:00-05:00,2024-Q1,153.1686248779297
JNJ,2024-02-12 00:00:00-05:00,2024-Q1,152.9634552001953
JNJ,2024-02-19 00:00:00-05:00,2024-Q1,159.33291625976562
JNJ,2024-02-26 00:00:00-05:00,2024-Q1,159.6085662841797
JNJ,2024-03-04 00:00:00-05:00,2024-Q1,157.04885864257812
JNJ,2024-03-11 00:00:00-04:00,2024-Q1,155.72959899902344
JNJ,2024-03-18 00:00:00-04:00,2024-Q1,152.82530212402344
JNJ,2024-03-25 00:00:00-04:00,2024-Q1,155.7394561767578
JNJ,2024-04-01 00:00:00-04:00,2024-Q2,150.029296875
JNJ,2024-04-08 00:00:00-04:00,2024-Q2,145.2347412109375
JNJ,2024-04-15 00:00:00-04:00,2024-Q2,145.6186981201172
JNJ,2024-04-22 00:00:00-04:00,2024-Q2,143.87611389160156
JNJ,2024-04-29 00:00:00-04:00,2024-Q2,146.95762634277344
JNJ,2024-05-06 00:00:00-04:00,2024-Q2,147.5877227783203
JNJ,2024-05-13 00:00:00-04:00,2024-Q2,152.24444580078125
JNJ,2024-05-20 00:00:00-04:00,2024-Q2,144.69326782226562
JNJ,2024-05-27 00:00:00-04:00,2024-Q2,145.5651397705078
JNJ,2024-06-03 00:00:00-04:00,2024-Q2,145.97206115722656
JNJ,2024-06-10 00:00:00-04:00,2024-Q2,144.4436492919922
JNJ,2024-06-17 00:00:00-04:00,2024-Q2,147.6294708251953
JNJ,2024-06-24 00:00:00-04:00,2024-Q2,145.05899047851562
JNJ,2024-07-01 00:00:00-04:00,2024-Q3,145.37657165527344
JNJ,2024-07-08 00:00:00-04:00,2024-Q3,148.75096130371094
JNJ,2024-07-15 00:00:00-04:00,2024-Q3,153.5247344970703
JNJ,2024-07-22 00:00:00-04:00,2024-Q3,159.42990112304688
JNJ,2024-07-29 00:00:00-04:00,2024-Q3,162.90353393554688
JNJ,2024-08-05 00:00:00-04:00,2024-Q3,159.41004943847656
JNJ,2024-08-12 00:00:00-04:00,2024-Q3,158.18931579589844
JNJ,2024-08-19 00:00:00-04:00,2024-Q3,162.89361572265625
JNJ,2024-08-26 00:00:00-04:00,2024-Q3,164.61058044433594
JNJ,2024-09-02 00:00:00-04:00,2024-Q3,164.3800048828125
JNJ,2024-09-09 00:00:00-04:00,2024-Q3,165.52000427246094
JNJ,2024-09-16 00:00:00-04:00,2024-Q3,164.16000366210938
JNJ,2024-09-23 00:00:00-04:00,2024-Q3,161.39999389648438
PFE,2023-07-31 00:00:00-04:00,2023-Q3,32.5635986328125
PFE,2023-08-07 00:00:00-04:00,2023-Q3,33.512054443359375
PFE,2023-08-14 00:00:00-04:00,2023-Q3,34.08856964111328
PFE,2023-08-21 00:00:00-04:00,2023-Q3,33.82821273803711
PFE,2023-08-28 00:00:00-04:00,2023-Q3,33.27029037475586
PFE,2023-09-04 00:00:00-04:00,2023-Q3,31.847610473632812
PFE,2023-09-11 00:00:00-04:00,2023-Q3,31.680234909057617
PFE,2023-09-18 00:00:00-04:00,2023-Q3,30.397035598754883
PFE,2023-09-25 00:00:00-04:00,2023-Q3,30.84336280822754
PFE,2023-10-02 00:00:00-04:00,2023-Q4,30.806169509887695
PFE,2023-10-09 00:00:00-04:00,2023-Q4,29.857715606689453
PFE,2023-10-16 00:00:00-04:00,2023-Q4,28.500123977661133
PFE,2023-10-23 00:00:00-04:00,2023-Q4,27.998004913330078
PFE,2023-10-30 00:00:00-04:00,2023-Q4,29.067337036132812
PFE,2023-11-06 00:00:00-05:00,2023-Q4,27.41219139099121
PFE,2023-11-13 00:00:00-05:00,2023-Q4,28.196426391601562
PFE,2023-11-20 00:00:00-05:00,2023-Q4,28.74301528930664
PFE,2023-11-27 00:00:00-05:00,2023-Q4,27.244609832763672
PFE,2023-12-04 00:00:00-05:00,2023-Q4,27.122098922729492
PFE,2023-12-11 00:00:00-05:00,2023-Q4,25.095951080322266
PFE,2023-12-18 00:00:00-05:00,2023-Q4,26.763986587524414
PFE,2023-12-25 00:00:00-05:00,2023-Q4,27.13152313232422
PFE,2024-01-01 00:00:00-05:00,2024-Q1,27.772348403930664
PFE,2024-01-08 00:00:00-05:00,2024-Q1,27.04670524597168
PFE,2024-01-15 00:00:00-05:00,2024-Q1,26.650901794433594
PFE,2024-01-22 00:00:00-05:00,2024-Q1,25.887561798095703
PFE,2024-01-29 00:00:00-05:00,2024-Q1,25.760578155517578
PFE,2024-02-05 00:00:00-05:00,2024-Q1,26.36322021484375
PFE,2024-02-12 00:00:00-05:00,2024-Q1,26.420616149902344
PFE,2024-02-19 00:00:00-05:00,2024-Q1,26.554534912109375
PFE,2024-02-26 00:00:00-05:00,2024-Q1,25.435340881347656
PFE,2024-03-04 00:00:00-05:00,2024-Q1,26.037982940673828
PFE,2024-03-11 00:00:00-04:00,2024-Q1,26.72671890258789
PFE,2024-03-18 00:00:00-04:00,2024-Q1,26.171905517578125
PFE,2024-03-25 00:00:00-04:00,2024-Q1,26.54496955871582
PFE,2024-04-01 00:00:00-04:00,2024-Q2,25.502300262451172
PFE,2024-04-08 00:00:00-04:00,2024-Q2,24.737041473388672
PFE,2024-04-15 00:00:00-04:00,2024-Q2,24.870960235595703
PFE,2024-04-22 00:00:00-04:00,2024-Q2,24.297016143798828
PFE,2024-04-29 00:00:00-04:00,2024-Q2,26.60236358642578
PFE,2024-05-06 00:00:00-04:00,2024-Q2,26.79368019104004
PFE,2024-05-13 00:00:00-04:00,2024-Q2,27.809480667114258
PFE,2024-05-20 00:00:00-04:00,2024-Q2,28.042518615722656
PFE,2024-05-27 00:00:00-04:00,2024-Q2,27.828899383544922
PFE,2024-06-03 00:00:00-04:00,2024-Q2,27.751220703125
PFE,2024-06-10 00:00:00-04:00,2024-Q2,26.73166847229004
PFE,2024-06-17 00:00:00-04:00,2024-Q2,26.935579299926758
PFE,2024-06-24 00:00:00-04:00,2024-Q2,27.168617248535156
PFE,2024-07-01 00:00:00-04:00,2024-Q3,27.236587524414062
PFE,2024-07-08 00:00:00-04:00,2024-Q3,28.08135986328125
PFE,2024-07-15 00:00:00-04:00,2024-Q3,29.10091209411621
PFE,2024-07-22 00:00:00-04:00,2024-Q3,29.87771224975586
PFE,2024-07-29 00:00:00-04:00,2024-Q3,29.964574813842773
PFE,2024-08-05 00:00:00-04:00,2024-Q3,28.113327026367188
PFE,2024-08-12 00:00:00-04:00,2024-Q3,27.867151260375977
PFE,2024-08-19 00:00:00-04:00,2024-Q3,28.457975387573242
PFE,2024-08-26 00:00:00-04:00,2024-Q3,28.566293716430664
PFE,2024-09-02 00:00:00-04:00,2024-Q3,28.1231746673584
PFE,2024-09-09 00:00:00-04:00,2024-Q3,28.822317123413086
PFE,2024-09-16 00:00:00-04:00,2024-Q3,28.970022201538086
PFE,2024-09-23 00:00:00-04:00,2024-Q3,28.645069122314453
UNH,2023-07-31 00:00:00-04:00,2023-Q3,493.2691345214844
UNH,2023-08-07 00:00:00-04:00,2023-Q3,498.4497375488281
UNH,2023-08-14 00:00:00-04:00,2023-Q3,489.05987548828125
UNH,2023-08-21 00:00:00-04:00,2023-Q3,479.91522216796875
UNH,2023-08-28 00:00:00-04:00,2023-Q3,467.27764892578125
UNH,2023-09-04 00:00:00-04:00,2023-Q3,471.7223815917969
UNH,2023-09-11 00:00:00-04:00,2023-Q3,479.39984130859375
UNH,2023-09-18 00:00:00-04:00,2023-Q3,498.5088195800781
UNH,2023-09-25 00:00:00-04:00,2023-Q3,496.6274719238281
UNH,2023-10-02 00:00:00-04:00,2023-Q4,516.9381713867188
UNH,2023-10-09 00:00:00-04:00,2023-Q4,531.309326171875
UNH,2023-10-16 00:00:00-04:00,2023-Q4,519.1248779296875
UNH,2023-10-23 00:00:00-04:00,2023-Q4,516.7904663085938
UNH,2023-10-30 00:00:00-04:00,2023-Q4,522.9368286132812
UNH,2023-11-06 00:00:00-05:00,2023-Q4,533.09228515625
UNH,2023-11-13 00:00:00-05:00,2023-Q4,528.2459716796875
UNH,2023-11-20 00:00:00-05:00,2023-Q4,538.8938598632812
UNH,2023-11-27 00:00:00-05:00,2023-Q4,538.952880859375
UNH,2023-12-04 00:00:00-05:00,2023-Q4,543.3712158203125
UNH,2023-12-11 00:00:00-05:00,2023-Q4,524.938232421875
UNH,2023-12-18 00:00:00-05:00,2023-Q4,514.2540283203125
UNH,2023-12-25 00:00:00-05:00,2023-Q4,520.34228515625
UNH,2024-01-01 00:00:00-05:00,2024-Q1,531.1253662109375
UNH,2024-01-08 00:00:00-05:00,2024-Q1,515.4401245117188
UNH,2024-01-15 00:00:00-05:00,2024-Q1,497.6990051269531
UNH,2024-01-22 00:00:00-05:00,2024-Q1,497.3432312011719
UNH,2024-01-29 00:00:00-05:00,2024-Q1,504.2914123535156
UNH,2024-02-05 00:00:00-05:00,2024-Q1,512.1883544921875
UNH,2024-02-12 00:00:00-05:00,2024-Q1,515.4796142578125
UNH,2024-02-19 00:00:00-05:00,2024-Q1,521.1033935546875
UNH,2024-02-26 00:00:00-05:00,2024-Q1,483.8323059082031
UNH,2024-03-04 00:00:00-05:00,2024-Q1,471.023193359375
UNH,2024-03-11 00:00:00-04:00,2024-Q1,487.0196533203125
UNH,2024-03-18 00:00:00-04:00,2024-Q1,486.27545166015625
UNH,2024-03-25 00:00:00-04:00,2024-Q1,490.86962890625
UNH,2024-04-01 00:00:00-04:00,2024-Q2,452.2112731933594
UNH,2024-04-08 00:00:00-04:00,2024-Q2,435.7993469238281
UNH,2024-04-15 00:00:00-04:00,2024-Q2,497.2498474121094
UNH,2024-04-22 00:00:00-04:00,2024-Q2,491.51458740234375
UNH,2024-04-29 00:00:00-04:00,2024-Q2,488.6370544433594
UNH,2024-05-06 00:00:00-04:00,2024-Q2,508.8393859863281
UNH,2024-05-13 00:00:00-04:00,2024-Q2,520.56787109375
UNH,2024-05-20 00:00:00-04:00,2024-Q2,504.2353210449219
UNH,2024-05-27 00:00:00-04:00,2024-Q2,491.5343933105469
UNH,2024-06-03 00:00:00-04:00,2024-Q2,486.8906555175781
UNH,2024-06-10 00:00:00-04:00,2024-Q2,493.2708740234375
UNH,2024-06-17 00:00:00-04:00,2024-Q2,478.8533630371094
UNH,2024-06-24 00:00:00-04:00,2024-Q2,507.4605712890625
UNH,2024-07-01 00:00:00-04:00,2024-Q3,486.2856750488281
UNH,2024-07-08 00:00:00-04:00,2024-Q3,509.7225341796875
UNH,2024-07-15 00:00:00-04:00,2024-Q3,563.3324584960938
UNH,2024-07-22 00:00:00-04:00,2024-Q3,567.7069091796875
UNH,2024-07-29 00:00:00-04:00,2024-Q3,587.7459106445312
UNH,2024-08-05 00:00:00-04:00,2024-Q3,556.78564453125
UNH,2024-08-12 00:00:00-04:00,2024-Q3,575.6387939453125
UNH,2024-08-19 00:00:00-04:00,2024-Q3,582.4447021484375
UNH,2024-08-26 00:00:00-04:00,2024-Q3,588.1145629882812
UNH,2024-09-02 00:00:00-04:00,2024-Q3,594.77099609375
UNH,2024-09-09 00:00:00-04:00,2024-Q3,592.2200317382812
UNH,2024-09-16 00:00:00-04:00,2024-Q3,572.96826171875
UNH,2024-09-23 00:00:00-04:00,2024-Q3,581.8499755859375
MRK,2023-07-31 00:00:00-04:00,2023-Q3,101.59510803222656
MRK,2023-08-07 00:00:00-04:00,2023-Q3,103.95599365234375
MRK,2023-08-14 00:00:00-04:00,2023-Q3,105.65890502929688
MRK,2023-08-21 00:00:00-04:00,2023-Q3,106.63616180419922
MRK,2023-08-28 00:00:00-04:00,2023-Q3,106.27816009521484
MRK,2023-09-04 00:00:00-04:00,2023-Q3,105.51377868652344
MRK,2023-09-11 00:00:00-04:00,2023-Q3,104.03339385986328
MRK,2023-09-18 00:00:00-04:00,2023-Q3,103.59310150146484
MRK,2023-09-25 00:00:00-04:00,2023-Q3,100.2906723022461
MRK,2023-10-02 00:00:00-04:00,2023-Q4,101.19664001464844
MRK,2023-10-09 00:00:00-04:00,2023-Q4,101.32329559326172
MRK,2023-10-16 00:00:00-04:00,2023-Q4,100.01790618896484
MRK,2023-10-23 00:00:00-04:00,2023-Q4,100.16403198242188
MRK,2023-10-30 00:00:00-04:00,2023-Q4,100.70954895019531
MRK,2023-11-06 00:00:00-05:00,2023-Q4,98.7709732055664
MRK,2023-11-13 00:00:00-05:00,2023-Q4,99.12167358398438
MRK,2023-11-20 00:00:00-05:00,2023-Q4,99.23857116699219
MRK,2023-11-27 00:00:00-05:00,2023-Q4,100.78749084472656
MRK,2023-12-04 00:00:00-05:00,2023-Q4,101.07000732421875
MRK,2023-12-11 00:00:00-05:00,2023-Q4,102.39488220214844
MRK,2023-12-18 00:00:00-05:00,2023-Q4,105.67767333984375
MRK,2023-12-25 00:00:00-05:00,2023-Q4,106.97288513183594
MRK,2024-01-01 00:00:00-05:00,2024-Q1,115.01891326904297
MRK,2024-01-08 00:00:00-05:00,2024-Q1,116.40243530273438
MRK,2024-01-15 00:00:00-05:00,2024-Q1,116.65755462646484
MRK,2024-01-22 00:00:00-05:00,2024-Q1,118.55131530761719
MRK,2024-01-29 00:00:00-05:00,2024-Q1,124.0363540649414
MRK,2024-02-05 00:00:00-05:00,2024-Q1,123.09437561035156
MRK,2024-02-12 00:00:00-05:00,2024-Q1,125.39043426513672
MRK,2024-02-19 00:00:00-05:00,2024-Q1,127.0192642211914
MRK,2024-02-26 00:00:00-05:00,2024-Q1,124.57601928710938
MRK,2024-03-04 00:00:00-05:00,2024-Q1,121.18099212646484
MRK,2024-03-11 00:00:00-04:00,2024-Q1,119.23817443847656
MRK,2024-03-18 00:00:00-04:00,2024-Q1,122.2952651977539
MRK,2024-03-25 00:00:00-04:00,2024-Q1,130.2935791015625
MRK,2024-04-01 00:00:00-04:00,2024-Q2,126.38330078125
MRK,2024-04-08 00:00:00-04:00,2024-Q2,124.16154479980469
MRK,2024-04-15 00:00:00-04:00,2024-Q2,124.20104217529297
MRK,2024-04-22 00:00:00-04:00,2024-Q2,129.55300903320312
MRK,2024-04-29 00:00:00-04:00,2024-Q2,125.9093246459961
MRK,2024-05-06 00:00:00-04:00,2024-Q2,128.42730712890625
MRK,2024-05-13 00:00:00-04:00,2024-Q2,129.5431365966797
MRK,2024-05-20 00:00:00-04:00,2024-Q2,127.8644790649414
MRK,2024-05-27 00:00:00-04:00,2024-Q2,123.96405792236328
MRK,2024-06-03 00:00:00-04:00,2024-Q2,129.0296630859375
MRK,2024-06-10 00:00:00-04:00,2024-Q2,127.8545913696289
MRK,2024-06-17 00:00:00-04:00,2024-Q2,129.07904052734375
MRK,2024-06-24 00:00:00-04:00,2024-Q2,122.97723388671875
MRK,2024-07-01 00:00:00-04:00,2024-Q3,125.60961151123047
MRK,2024-07-08 00:00:00-04:00,2024-Q3,126.9109115600586
MRK,2024-07-15 00:00:00-04:00,2024-Q3,124.93413543701172
MRK,2024-07-22 00:00:00-04:00,2024-Q3,124.42752838134766
MRK,2024-07-29 00:00:00-04:00,2024-Q3,114.43437957763672
MRK,2024-08-05 00:00:00-04:00,2024-Q3,113.78870391845703
MRK,2024-08-12 00:00:00-04:00,2024-Q3,112.91455078125
MRK,2024-08-19 00:00:00-04:00,2024-Q3,115.82508087158203
MRK,2024-08-26 00:00:00-04:00,2024-Q3,117.66278076171875
MRK,2024-09-02 00:00:00-04:00,2024-Q3,117.05683135986328
MRK,2024-09-09 00:00:00-04:00,2024-Q3,115.08999633789062
MRK,2024-09-16 00:00:00-04:00,2024-Q3,116.39128875732422
MRK,2024-09-23 00:00:00-04:00,2024-Q3,113.69000244140625
ABBV,2023-07-31 00:00:00-04:00,2023-Q3,141.1077423095703
ABBV,2023-08-07 00:00:00-04:00,2023-Q3,145.35826110839844
ABBV,2023-08-14 00:00:00-04:00,2023-Q3,143.40972900390625
ABBV,2023-08-21 00:00:00-04:00,2023-Q3,140.11434936523438
ABBV,2023-08-28 00:00:00-04:00,2023-Q3,141.55667114257812
ABBV,2023-09-04 00:00:00-04:00,2023-Q3,142.33993530273438
ABBV,2023-09-11 00:00:00-04:00,2023-Q3,145.3009490966797
ABBV,2023-09-18 00:00:00-04:00,2023-Q3,145.89315795898438
ABBV,2023-09-25 00:00:00-04:00,2023-Q3,142.3781280517578
ABBV,2023-10-02 00:00:00-04:00,2023-Q4,141.5948944091797
ABBV,2023-10-09 00:00:00-04:00,2023-Q4,141.3274383544922
ABBV,2023-10-16 00:00:00-04:00,2023-Q4,141.07305908203125
ABBV,2023-10-23 00:00:00-04:00,2023-Q4,134.03048706054688
ABBV,2023-10-30 00:00:00-04:00,2023-Q4,136.43267822265625
ABBV,2023-11-06 00:00:00-05:00,2023-Q4,133.70249938964844
ABBV,2023-11-13 00:00:00-05:00,2023-Q4,133.42271423339844
ABBV,2023-11-20 00:00:00-05:00,2023-Q4,133.77967834472656
ABBV,2023-11-27 00:00:00-05:00,2023-Q4,138.35250854492188
ABBV,2023-12-04 00:00:00-05:00,2023-Q4,144.0155029296875
ABBV,2023-12-11 00:00:00-05:00,2023-Q4,148.6076202392578
ABBV,2023-12-18 00:00:00-05:00,2023-Q4,149.47589111328125
ABBV,2023-12-25 00:00:00-05:00,2023-Q4,149.5048370361328
ABBV,2024-01-01 00:00:00-05:00,2024-Q1,156.42198181152344
ABBV,2024-01-08 00:00:00-05:00,2024-Q1,156.6728057861328
ABBV,2024-01-15 00:00:00-05:00,2024-Q1,160.47796630859375
ABBV,2024-01-22 00:00:00-05:00,2024-Q1,160.1175994873047
ABBV,2024-01-29 00:00:00-05:00,2024-Q1,164.27638244628906
ABBV,2024-02-05 00:00:00-05:00,2024-Q1,169.5454559326172
ABBV,2024-02-12 00:00:00-05:00,2024-Q1,172.86663818359375
ABBV,2024-02-19 00:00:00-05:00,2024-Q1,173.45101928710938
ABBV,2024-02-26 00:00:00-05:00,2024-Q1,174.24964904785156
ABBV,2024-03-04 00:00:00-05:00,2024-Q1,174.19122314453125
ABBV,2024-03-11 00:00:00-04:00,2024-Q1,173.24649047851562
ABBV,2024-03-18 00:00:00-04:00,2024-Q1,173.8016357421875
ABBV,2024-03-25 00:00:00-04:00,2024-Q1,177.3565673828125
ABBV,2024-04-01 00:00:00-04:00,2024-Q2,165.57174682617188
ABBV,2024-04-08 00:00:00-04:00,2024-Q2,158.05282592773438
ABBV,2024-04-15 00:00:00-04:00,2024-Q2,163.58888244628906
ABBV,2024-04-22 00:00:00-04:00,2024-Q2,156.9139862060547
ABBV,2024-04-29 00:00:00-04:00,2024-Q2,161.01329040527344
ABBV,2024-05-06 00:00:00-04:00,2024-Q2,158.0248260498047
ABBV,2024-05-13 00:00:00-04:00,2024-Q2,163.59872436523438
ABBV,2024-05-20 00:00:00-04:00,2024-Q2,154.3973846435547
ABBV,2024-05-27 00:00:00-04:00,2024-Q2,158.50653076171875
ABBV,2024-06-03 00:00:00-04:00,2024-Q2,166.5478515625
ABBV,2024-06-10 00:00:00-04:00,2024-Q2,165.73191833496094
ABBV,2024-06-17 00:00:00-04:00,2024-Q2,167.50140380859375
ABBV,2024-06-24 00:00:00-04:00,2024-Q2,168.6122589111328
ABBV,2024-07-01 00:00:00-04:00,2024-Q3,164.41464233398438
ABBV,2024-07-08 00:00:00-04:00,2024-Q3,167.3932647705078
ABBV,2024-07-15 00:00:00-04:00,2024-Q3,169.39869689941406
ABBV,2024-07-22 00:00:00-04:00,2024-Q3,183.693115234375
ABBV,2024-07-29 00:00:00-04:00,2024-Q3,187.79039001464844
ABBV,2024-08-05 00:00:00-04:00,2024-Q3,188.42530822753906
ABBV,2024-08-12 00:00:00-04:00,2024-Q3,192.36386108398438
ABBV,2024-08-19 00:00:00-04:00,2024-Q3,195.98495483398438
ABBV,2024-08-26 00:00:00-04:00,2024-Q3,194.75477600097656
ABBV,2024-09-02 00:00:00-04:00,2024-Q3,191.86782836914062
ABBV,2024-09-09 00:00:00-04:00,2024-Q3,192.67141723632812
ABBV,2024-09-16 00:00:00-04:00,2024-Q3,191.93727111816406
ABBV,2024-09-23 00:00:00-04:00,2024-Q3,193.24681091308594
PLD,2023-07-31 00:00:00-04:00,2023-Q3,117.82855224609375
PLD,2023-08-07 00:00:00-04:00,2023-Q3,119.05272674560547
PLD,2023-08-14 00:00:00-04:00,2023-Q3,117.08634185791016
PLD,2023-08-21 00:00:00-04:00,2023-Q3,118.23340606689453
PLD,2023-08-28 00:00:00-04:00,2023-Q3,120.09375
PLD,2023-09-04 00:00:00-04:00,2023-Q3,118.05989074707031
PLD,2023-09-11 00:00:00-04:00,2023-Q3,118.7346420288086
PLD,2023-09-18 00:00:00-04:00,2023-Q3,110.72821807861328
PLD,2023-09-25 00:00:00-04:00,2023-Q3,108.92271423339844
PLD,2023-10-02 00:00:00-04:00,2023-Q4,105.71939086914062
PLD,2023-10-09 00:00:00-04:00,2023-Q4,106.43771362304688
PLD,2023-10-16 00:00:00-04:00,2023-Q4,99.42922973632812
PLD,2023-10-23 00:00:00-04:00,2023-Q4,94.46891784667969
PLD,2023-10-30 00:00:00-04:00,2023-Q4,103.42853546142578
PLD,2023-11-06 00:00:00-05:00,2023-Q4,101.48712921142578
PLD,2023-11-13 00:00:00-05:00,2023-Q4,106.84540557861328
PLD,2023-11-20 00:00:00-05:00,2023-Q4,108.71886444091797
PLD,2023-11-27 00:00:00-05:00,2023-Q4,114.79547119140625
PLD,2023-12-04 00:00:00-05:00,2023-Q4,116.3388900756836
PLD,2023-12-11 00:00:00-05:00,2023-Q4,130.32672119140625
PLD,2023-12-18 00:00:00-05:00,2023-Q4,129.3418731689453
PLD,2023-12-25 00:00:00-05:00,2023-Q4,130.22108459472656
PLD,2024-01-01 00:00:00-05:00,2024-Q1,127.54438018798828
PLD,2024-01-08 00:00:00-05:00,2024-Q1,128.51150512695312
PLD,2024-01-15 00:00:00-05:00,2024-Q1,125.47335052490234
PLD,2024-01-22 00:00:00-05:00,2024-Q1,123.93960571289062
PLD,2024-01-29 00:00:00-05:00,2024-Q1,126.26464080810547
PLD,2024-02-05 00:00:00-05:00,2024-Q1,129.42002868652344
PLD,2024-02-12 00:00:00-05:00,2024-Q1,130.3090057373047
PLD,2024-02-19 00:00:00-05:00,2024-Q1,130.13319396972656
PLD,2024-02-26 00:00:00-05:00,2024-Q1,131.49107360839844
PLD,2024-03-04 00:00:00-05:00,2024-Q1,131.95022583007812
PLD,2024-03-11 00:00:00-04:00,2024-Q1,126.03995513916016
PLD,2024-03-18 00:00:00-04:00,2024-Q1,126.57855987548828
PLD,2024-03-25 00:00:00-04:00,2024-Q1,128.15316772460938
PLD,2024-04-01 00:00:00-04:00,2024-Q2,122.76013946533203
PLD,2024-04-08 00:00:00-04:00,2024-Q2,117.11125183105469
PLD,2024-04-15 00:00:00-04:00,2024-Q2,101.84741973876953
PLD,2024-04-22 00:00:00-04:00,2024-Q2,102.40837097167969
PLD,2024-04-29 00:00:00-04:00,2024-Q2,104.2093276977539
PLD,2024-05-06 00:00:00-04:00,2024-Q2,105.783935546875
PLD,2024-05-13 00:00:00-04:00,2024-Q2,109.73028564453125
PLD,2024-05-20 00:00:00-04:00,2024-Q2,103.08741760253906
PLD,2024-05-27 00:00:00-04:00,2024-Q2,108.73632049560547
PLD,2024-06-03 00:00:00-04:00,2024-Q2,108.45092010498047
PLD,2024-06-10 00:00:00-04:00,2024-Q2,110.50774383544922
PLD,2024-06-17 00:00:00-04:00,2024-Q2,107.66361999511719
PLD,2024-06-24 00:00:00-04:00,2024-Q2,111.48050689697266
PLD,2024-07-01 00:00:00-04:00,2024-Q3,113.61463165283203
PLD,2024-07-08 00:00:00-04:00,2024-Q3,119.26260375976562
PLD,2024-07-15 00:00:00-04:00,2024-Q3,122.83601379394531
PLD,2024-07-22 00:00:00-04:00,2024-Q3,121.77391815185547
PLD,2024-07-29 00:00:00-04:00,2024-Q3,123.06432342529297
PLD,2024-08-05 00:00:00-04:00,2024-Q3,120.99967956542969
PLD,2024-08-12 00:00:00-04:00,2024-Q3,121.94266510009766
PLD,2024-08-19 00:00:00-04:00,2024-Q3,127.90827178955078
PLD,2024-08-26 00:00:00-04:00,2024-Q3,126.8759536743164
PLD,2024-09-02 00:00:00-04:00,2024-Q3,126.29031372070312
PLD,2024-09-09 00:00:00-04:00,2024-Q3,129.02000427246094
PLD,2024-09-16 00:00:00-04:00,2024-Q3,124.5433120727539
PLD,2024-09-23 00:00:00-04:00,2024-Q3,125.58999633789062
AMT,2023-07-31 00:00:00-04:00,2023-Q3,177.0994110107422
AMT,2023-08-07 00:00:00-04:00,2023-Q3,179.34226989746094
AMT,2023-08-14 00:00:00-04:00,2023-Q3,169.1248016357422
AMT,2023-08-21 00:00:00-04:00,2023-Q3,170.1599884033203
AMT,2023-08-28 00:00:00-04:00,2023-Q3,173.2846221923828
AMT,2023-09-04 00:00:00-04:00,2023-Q3,173.38047790527344
AMT,2023-09-11 00:00:00-04:00,2023-Q3,172.66162109375
AMT,2023-09-18 00:00:00-04:00,2023-Q3,159.30990600585938
AMT,2023-09-25 00:00:00-04:00,2023-Q3,157.6229705810547
AMT,2023-10-02 00:00:00-04:00,2023-Q4,152.94557189941406
AMT,2023-10-09 00:00:00-04:00,2023-Q4,160.02877807617188
AMT,2023-10-16 00:00:00-04:00,2023-Q4,154.99371337890625
AMT,2023-10-23 00:00:00-04:00,2023-Q4,166.51490783691406
AMT,2023-10-30 00:00:00-04:00,2023-Q4,184.50343322753906
AMT,2023-11-06 00:00:00-05:00,2023-Q4,177.9392547607422
AMT,2023-11-13 00:00:00-05:00,2023-Q4,191.44520568847656
AMT,2023-11-20 00:00:00-05:00,2023-Q4,192.9748992919922
AMT,2023-11-27 00:00:00-05:00,2023-Q4,203.7699432373047
AMT,2023-12-04 00:00:00-05:00,2023-Q4,199.87789916992188
AMT,2023-12-11 00:00:00-05:00,2023-Q4,205.3964385986328
AMT,2023-12-18 00:00:00-05:00,2023-Q4,208.3396759033203
AMT,2023-12-25 00:00:00-05:00,2023-Q4,209.0077362060547
AMT,2024-01-01 00:00:00-05:00,2024-Q1,209.10252380371094
AMT,2024-01-08 00:00:00-05:00,2024-Q1,204.36972045898438
AMT,2024-01-15 00:00:00-05:00,2024-Q1,198.9440460205078
AMT,2024-01-22 00:00:00-05:00,2024-Q1,192.52304077148438
AMT,2024-01-29 00:00:00-05:00,2024-Q1,188.83438110351562
AMT,2024-02-05 00:00:00-05:00,2024-Q1,189.74191284179688
AMT,2024-02-12 00:00:00-05:00,2024-Q1,182.60853576660156
AMT,2024-02-19 00:00:00-05:00,2024-Q1,185.3408660888672
AMT,2024-02-26 00:00:00-05:00,2024-Q1,196.88504028320312
AMT,2024-03-04 00:00:00-05:00,2024-Q1,202.3009490966797
AMT,2024-03-11 00:00:00-04:00,2024-Q1,192.57183837890625
AMT,2024-03-18 00:00:00-04:00,2024-Q1,188.13177490234375
AMT,2024-03-25 00:00:00-04:00,2024-Q1,192.8157958984375
AMT,2024-04-01 00:00:00-04:00,2024-Q2,185.5750732421875
AMT,2024-04-08 00:00:00-04:00,2024-Q2,174.87014770507812
AMT,2024-04-15 00:00:00-04:00,2024-Q2,168.6626434326172
AMT,2024-04-22 00:00:00-04:00,2024-Q2,169.046630859375
AMT,2024-04-29 00:00:00-04:00,2024-Q2,178.94190979003906
AMT,2024-05-06 00:00:00-04:00,2024-Q2,181.64956665039062
AMT,2024-05-13 00:00:00-04:00,2024-Q2,191.51528930664062
AMT,2024-05-20 00:00:00-04:00,2024-Q2,183.06736755371094
AMT,2024-05-27 00:00:00-04:00,2024-Q2,192.7263641357422
AMT,2024-06-03 00:00:00-04:00,2024-Q2,191.2691192626953
AMT,2024-06-10 00:00:00-04:00,2024-Q2,193.99649047851562
AMT,2024-06-17 00:00:00-04:00,2024-Q2,193.4425811767578
AMT,2024-06-24 00:00:00-04:00,2024-Q2,192.97596740722656
AMT,2024-07-01 00:00:00-04:00,2024-Q3,194.22686767578125
AMT,2024-07-08 00:00:00-04:00,2024-Q3,209.08872985839844
AMT,2024-07-15 00:00:00-04:00,2024-Q3,208.62213134765625
AMT,2024-07-22 00:00:00-04:00,2024-Q3,212.17626953125
AMT,2024-07-29 00:00:00-04:00,2024-Q3,232.94515991210938
AMT,2024-08-05 00:00:00-04:00,2024-Q3,220.98219299316406
AMT,2024-08-12 00:00:00-04:00,2024-Q3,218.2620086669922
AMT,2024-08-19 00:00:00-04:00,2024-Q3,225.3603515625
AMT,2024-08-26 00:00:00-04:00,2024-Q3,222.44158935546875
AMT,2024-09-02 00:00:00-04:00,2024-Q3,234.45419311523438
AMT,2024-09-09 00:00:00-04:00,2024-Q3,236.77728271484375
AMT,2024-09-16 00:00:00-04:00,2024-Q3,233.36212158203125
AMT,2024-09-23 00:00:00-04:00,2024-Q3,228.6563720703125
WELL,2023-07-31 00:00:00-04:00,2023-Q3,79.33103942871094
WELL,2023-08-07 00:00:00-04:00,2023-Q3,81.14146423339844
WELL,2023-08-14 00:00:00-04:00,2023-Q3,78.19470977783203
WELL,2023-08-21 00:00:00-04:00,2023-Q3,78.60002899169922
WELL,2023-08-28 00:00:00-04:00,2023-Q3,80.16175842285156
WELL,2023-09-04 00:00:00-04:00,2023-Q3,80.1229476928711
WELL,2023-09-11 00:00:00-04:00,2023-Q3,81.83987426757812
WELL,2023-09-18 00:00:00-04:00,2023-Q3,80.34606170654297
WELL,2023-09-25 00:00:00-04:00,2023-Q3,79.46334838867188
WELL,2023-10-02 00:00:00-04:00,2023-Q4,79.03655242919922
WELL,2023-10-09 00:00:00-04:00,2023-Q4,82.59648895263672
WELL,2023-10-16 00:00:00-04:00,2023-Q4,81.37425994873047
WELL,2023-10-23 00:00:00-04:00,2023-Q4,78.91043853759766
WELL,2023-10-30 00:00:00-04:00,2023-Q4,85.79752349853516
WELL,2023-11-06 00:00:00-05:00,2023-Q4,83.40160369873047
WELL,2023-11-13 00:00:00-05:00,2023-Q4,84.8663101196289
WELL,2023-11-20 00:00:00-05:00,2023-Q4,87.5536117553711
WELL,2023-11-27 00:00:00-05:00,2023-Q4,87.39728546142578
WELL,2023-12-04 00:00:00-05:00,2023-Q4,85.6974105834961
WELL,2023-12-11 00:00:00-05:00,2023-Q4,88.6966323852539
WELL,2023-12-18 00:00:00-05:00,2023-Q4,87.8857650756836
WELL,2023-12-25 00:00:00-05:00,2023-Q4,88.09092712402344
WELL,2024-01-01 00:00:00-05:00,2024-Q1,86.47895812988281
WELL,2024-01-08 00:00:00-05:00,2024-Q1,89.81034088134766
WELL,2024-01-15 00:00:00-05:00,2024-Q1,87.77830505371094
WELL,2024-01-22 00:00:00-05:00,2024-Q1,85.37501525878906
WELL,2024-01-29 00:00:00-05:00,2024-Q1,85.9025650024414
WELL,2024-02-05 00:00:00-05:00,2024-Q1,85.63880920410156
WELL,2024-02-12 00:00:00-05:00,2024-Q1,90.982666015625
WELL,2024-02-19 00:00:00-05:00,2024-Q1,91.25621795654297
WELL,2024-02-26 00:00:00-05:00,2024-Q1,91.17221069335938
WELL,2024-03-04 00:00:00-05:00,2024-Q1,90.46422576904297
WELL,2024-03-11 00:00:00-04:00,2024-Q1,89.82506561279297
WELL,2024-03-18 00:00:00-04:00,2024-Q1,90.54289245605469
WELL,2024-03-25 00:00:00-04:00,2024-Q1,91.88018798828125
WELL,2024-04-01 00:00:00-04:00,2024-Q2,90.22824096679688
WELL,2024-04-08 00:00:00-04:00,2024-Q2,88.2911148071289
WELL,2024-04-15 00:00:00-04:00,2024-Q2,89.79558563232422
WELL,2024-04-22 00:00:00-04:00,2024-Q2,92.7651596069336
WELL,2024-04-29 00:00:00-04:00,2024-Q2,94.21062469482422
WELL,2024-05-06 00:00:00-04:00,2024-Q2,97.18021392822266
WELL,2024-05-13 00:00:00-04:00,2024-Q2,100.21564483642578
WELL,2024-05-20 00:00:00-04:00,2024-Q2,99.80009460449219
WELL,2024-05-27 00:00:00-04:00,2024-Q2,102.57038879394531
WELL,2024-06-03 00:00:00-04:00,2024-Q2,102.70890808105469
WELL,2024-06-10 00:00:00-04:00,2024-Q2,102.93647766113281
WELL,2024-06-17 00:00:00-04:00,2024-Q2,101.23471069335938
WELL,2024-06-24 00:00:00-04:00,2024-Q2,103.14424896240234
WELL,2024-07-01 00:00:00-04:00,2024-Q3,105.35059356689453
WELL,2024-07-08 00:00:00-04:00,2024-Q3,103.09477233886719
WELL,2024-07-15 00:00:00-04:00,2024-Q3,106.2707290649414
WELL,2024-07-22 00:00:00-04:00,2024-Q3,108.61558532714844
WELL,2024-07-29 00:00:00-04:00,2024-Q3,111.56398010253906
WELL,2024-08-05 00:00:00-04:00,2024-Q3,116.1547622680664
WELL,2024-08-12 00:00:00-04:00,2024-Q3,114.69046020507812
WELL,2024-08-19 00:00:00-04:00,2024-Q3,118.78175354003906
WELL,2024-08-26 00:00:00-04:00,2024-Q3,120.08529663085938
WELL,2024-09-02 00:00:00-04:00,2024-Q3,123.98597717285156
WELL,2024-09-09 00:00:00-04:00,2024-Q3,129.110595703125
WELL,2024-09-16 00:00:00-04:00,2024-Q3,124.65267181396484
WELL,2024-09-23 00:00:00-04:00,2024-Q3,126.57316589355469
DLR,2023-07-31 00:00:00-04:00,2023-Q3,114.92819213867188
DLR,2023-08-07 00:00:00-04:00,2023-Q3,115.28266906738281
DLR,2023-08-14 00:00:00-04:00,2023-Q3,116.25030517578125
DLR,2023-08-21 00:00:00-04:00,2023-Q3,120.66693878173828
DLR,2023-08-28 00:00:00-04:00,2023-Q3,126.56854248046875
DLR,2023-09-04 00:00:00-04:00,2023-Q3,124.52789306640625
DLR,2023-09-11 00:00:00-04:00,2023-Q3,123.34947967529297
DLR,2023-09-18 00:00:00-04:00,2023-Q3,119.20491790771484
DLR,2023-09-25 00:00:00-04:00,2023-Q3,117.05760192871094
DLR,2023-10-02 00:00:00-04:00,2023-Q4,113.52711486816406
DLR,2023-10-09 00:00:00-04:00,2023-Q4,118.58586883544922
DLR,2023-10-16 00:00:00-04:00,2023-Q4,112.01819610595703
DLR,2023-10-23 00:00:00-04:00,2023-Q4,118.34406280517578
DLR,2023-10-30 00:00:00-04:00,2023-Q4,128.57765197753906
DLR,2023-11-06 00:00:00-05:00,2023-Q4,124.53450775146484
DLR,2023-11-13 00:00:00-05:00,2023-Q4,130.12527465820312
DLR,2023-11-20 00:00:00-05:00,2023-Q4,132.03076171875
DLR,2023-11-27 00:00:00-05:00,2023-Q4,134.07168579101562
DLR,2023-12-04 00:00:00-05:00,2023-Q4,130.39610290527344
DLR,2023-12-11 00:00:00-05:00,2023-Q4,127.84252166748047
DLR,2023-12-18 00:00:00-05:00,2023-Q4,131.8731231689453
DLR,2023-12-25 00:00:00-05:00,2023-Q4,131.3461151123047
DLR,2024-01-01 00:00:00-05:00,2024-Q1,127.68621826171875
DLR,2024-01-08 00:00:00-05:00,2024-Q1,133.78604125976562
DLR,2024-01-15 00:00:00-05:00,2024-Q1,134.039794921875
DLR,2024-01-22 00:00:00-05:00,2024-Q1,139.75897216796875
DLR,2024-01-29 00:00:00-05:00,2024-Q1,141.01797485351562
DLR,2024-02-05 00:00:00-05:00,2024-Q1,143.65309143066406
DLR,2024-02-12 00:00:00-05:00,2024-Q1,132.94668579101562
DLR,2024-02-19 00:00:00-05:00,2024-Q1,134.52777099609375
DLR,2024-02-26 00:00:00-05:00,2024-Q1,146.9811553955078
DLR,2024-03-04 00:00:00-05:00,2024-Q1,145.8880615234375
DLR,2024-03-11 00:00:00-04:00,2024-Q1,137.47520446777344
DLR,2024-03-18 00:00:00-04:00,2024-Q1,136.33729553222656
DLR,2024-03-25 00:00:00-04:00,2024-Q1,141.7805633544922
DLR,2024-04-01 00:00:00-04:00,2024-Q2,140.3631591796875
DLR,2024-04-08 00:00:00-04:00,2024-Q2,140.25489807128906
DLR,2024-04-15 00:00:00-04:00,2024-Q2,134.68365478515625
DLR,2024-04-22 00:00:00-04:00,2024-Q2,140.5895538330078
DLR,2024-04-29 00:00:00-04:00,2024-Q2,144.6941375732422
DLR,2024-05-06 00:00:00-04:00,2024-Q2,139.24102783203125
DLR,2024-05-13 00:00:00-04:00,2024-Q2,141.5738525390625
DLR,2024-05-20 00:00:00-04:00,2024-Q2,140.53048706054688
DLR,2024-05-27 00:00:00-04:00,2024-Q2,143.06016540527344
DLR,2024-06-03 00:00:00-04:00,2024-Q2,144.05433654785156
DLR,2024-06-10 00:00:00-04:00,2024-Q2,147.56832885742188
DLR,2024-06-17 00:00:00-04:00,2024-Q2,147.2222900390625
DLR,2024-06-24 00:00:00-04:00,2024-Q2,150.8941650390625
DLR,2024-07-01 00:00:00-04:00,2024-Q3,150.28878784179688
DLR,2024-07-08 00:00:00-04:00,2024-Q3,157.14627075195312
DLR,2024-07-15 00:00:00-04:00,2024-Q3,153.9904327392578
DLR,2024-07-22 00:00:00-04:00,2024-Q3,144.5428009033203
DLR,2024-07-29 00:00:00-04:00,2024-Q3,149.69334411621094
DLR,2024-08-05 00:00:00-04:00,2024-Q3,148.97882080078125
DLR,2024-08-12 00:00:00-04:00,2024-Q3,148.46278381347656
DLR,2024-08-19 00:00:00-04:00,2024-Q3,151.02316284179688
DLR,2024-08-26 00:00:00-04:00,2024-Q3,150.45750427246094
DLR,2024-09-02 00:00:00-04:00,2024-Q3,147.09327697753906
DLR,2024-09-09 00:00:00-04:00,2024-Q3,157.7218475341797
DLR,2024-09-16 00:00:00-04:00,2024-Q3,158.6999969482422
DLR,2024-09-23 00:00:00-04:00,2024-Q3,161.16000366210938
EQIX,2023-07-31 00:00:00-04:00,2023-Q3,735.262451171875
EQIX,2023-08-07 00:00:00-04:00,2023-Q3,751.0662231445312
EQIX,2023-08-14 00:00:00-04:00,2023-Q3,727.3944702148438
EQIX,2023-08-21 00:00:00-04:00,2023-Q3,747.9131469726562
EQIX,2023-08-28 00:00:00-04:00,2023-Q3,757.7813110351562
EQIX,2023-09-04 00:00:00-04:00,2023-Q3,751.855712890625
EQIX,2023-09-11 00:00:00-04:00,2023-Q3,756.5143432617188
EQIX,2023-09-18 00:00:00-04:00,2023-Q3,713.3291625976562
EQIX,2023-09-25 00:00:00-04:00,2023-Q3,707.8226318359375
EQIX,2023-10-02 00:00:00-04:00,2023-Q4,705.2886352539062
EQIX,2023-10-09 00:00:00-04:00,2023-Q4,723.7867431640625
EQIX,2023-10-16 00:00:00-04:00,2023-Q4,687.7066040039062
EQIX,2023-10-23 00:00:00-04:00,2023-Q4,692.3555297851562
EQIX,2023-10-30 00:00:00-04:00,2023-Q4,751.1929931640625
EQIX,2023-11-06 00:00:00-05:00,2023-Q4,747.79150390625
EQIX,2023-11-13 00:00:00-05:00,2023-Q4,754.9744873046875
EQIX,2023-11-20 00:00:00-05:00,2023-Q4,779.1704711914062
EQIX,2023-11-27 00:00:00-05:00,2023-Q4,808.004638671875
EQIX,2023-12-04 00:00:00-05:00,2023-Q4,785.8056640625
EQIX,2023-12-11 00:00:00-05:00,2023-Q4,787.7266235351562
EQIX,2023-12-18 00:00:00-05:00,2023-Q4,783.7572631835938
EQIX,2023-12-25 00:00:00-05:00,2023-Q4,789.3536376953125
EQIX,2024-01-01 00:00:00-05:00,2024-Q1,772.692138671875
EQIX,2024-01-08 00:00:00-05:00,2024-Q1,798.7918701171875
EQIX,2024-01-15 00:00:00-05:00,2024-Q1,786.7073364257812
EQIX,2024-01-22 00:00:00-05:00,2024-Q1,794.832275390625
EQIX,2024-01-29 00:00:00-05:00,2024-Q1,826.6753540039062
EQIX,2024-02-05 00:00:00-05:00,2024-Q1,838.7206420898438
EQIX,2024-02-12 00:00:00-05:00,2024-Q1,839.1812133789062
EQIX,2024-02-19 00:00:00-05:00,2024-Q1,864.7223510742188
EQIX,2024-02-26 00:00:00-05:00,2024-Q1,882.5992431640625
EQIX,2024-03-04 00:00:00-05:00,2024-Q1,896.3294677734375
EQIX,2024-03-11 00:00:00-04:00,2024-Q1,837.5230102539062
EQIX,2024-03-18 00:00:00-04:00,2024-Q1,788.8505859375
EQIX,2024-03-25 00:00:00-04:00,2024-Q1,812.8421630859375
EQIX,2024-04-01 00:00:00-04:00,2024-Q2,772.5411987304688
EQIX,2024-04-08 00:00:00-04:00,2024-Q2,752.4892578125
EQIX,2024-04-15 00:00:00-04:00,2024-Q2,736.6821899414062
EQIX,2024-04-22 00:00:00-04:00,2024-Q2,720.5401611328125
EQIX,2024-04-29 00:00:00-04:00,2024-Q2,689.585693359375
EQIX,2024-05-06 00:00:00-04:00,2024-Q2,746.2156982421875
EQIX,2024-05-13 00:00:00-04:00,2024-Q2,787.7279663085938
EQIX,2024-05-20 00:00:00-04:00,2024-Q2,754.5279541015625
EQIX,2024-05-27 00:00:00-04:00,2024-Q2,755.4822998046875
EQIX,2024-06-03 00:00:00-04:00,2024-Q2,745.986572265625
EQIX,2024-06-10 00:00:00-04:00,2024-Q2,758.7301025390625
EQIX,2024-06-17 00:00:00-04:00,2024-Q2,757.4824829101562
EQIX,2024-06-24 00:00:00-04:00,2024-Q2,749.1650390625
EQIX,2024-07-01 00:00:00-04:00,2024-Q3,747.0757446289062
EQIX,2024-07-08 00:00:00-04:00,2024-Q3,796.9309692382812
EQIX,2024-07-15 00:00:00-04:00,2024-Q3,779.0880737304688
EQIX,2024-07-22 00:00:00-04:00,2024-Q3,764.8394165039062
EQIX,2024-07-29 00:00:00-04:00,2024-Q3,798.7232055664062
EQIX,2024-08-05 00:00:00-04:00,2024-Q3,810.8330078125
EQIX,2024-08-12 00:00:00-04:00,2024-Q3,820.516845703125
EQIX,2024-08-19 00:00:00-04:00,2024-Q3,819.8237915039062
EQIX,2024-08-26 00:00:00-04:00,2024-Q3,830.4238891601562
EQIX,2024-09-02 00:00:00-04:00,2024-Q3,814.1012573242188
EQIX,2024-09-09 00:00:00-04:00,2024-Q3,867.428466796875
EQIX,2024-09-16 00:00:00-04:00,2024-Q3,873.061767578125
EQIX,2024-09-23 00:00:00-04:00,2024-Q3,878.52587890625
